frame.time,wlan.sa,wlan.da,ip.src,ip.dst,tcp.srcport,tcp.dstport,udp.srcport,udp.dstport,
May-05, 2019 18:57:13.746038000 Jerusalem Daylight Time,b8:55:10:25:bb:14,ff:ff:ff:ff:ff:ff,,,,,,
May-05, 2019 18:57:13.757272000 Jerusalem Daylight Time,1c:b5:fc:ed:2b:14,a0:79:a9:73:19:fc,20.37.41.41,246.48.2.26,,,,
May-05, 2019 18:57:13.757335000 Jerusalem Daylight Time,,,,,,,,
May-05, 2019 18:57:13.757896000 Jerusalem Daylight Time,,,,,,,,
May-05, 2019 18:57:13.758546000 Jerusalem Daylight Time,00:1c:10:f7:cd:bc,f4:0f:24:37:5b:39,64.233.166.125,192.168.1.122,5222,64738,,
May-05, 2019 18:57:13.759121000 Jerusalem Daylight Time,,,,,,,,
May-05, 2019 18:57:13.759165000 Jerusalem Daylight Time,,,,,,,,
May-05, 2019 18:57:13.834887000 Jerusalem Daylight Time,8d:84:c3:b1:e7:9a,9f:6b:aa:b3:45:d3,,,,,,
May-05, 2019 18:57:13.835250000 Jerusalem Daylight Time,,,,,,,,
May-05, 2019 18:57:13.835802000 Jerusalem Daylight Time,b8:55:50:9a:30:10,1b:47:4c:ba:f7:26,,,,,,
May-05, 2019 18:57:13.836309000 Jerusalem Daylight Time,00:1c:10:f7:cd:bc,f4:0f:24:37:5b:39,64.233.166.125,192.168.1.122,5222,64738,,
May-05, 2019 18:57:13.841061000 Jerusalem Daylight Time,,,,,,,,
May-05, 2019 18:57:13.841104000 Jerusalem Daylight Time,,,,,,,,
May-05, 2019 18:57:13.848417000 Jerusalem Daylight Time,b8:55:10:25:bb:14,ff:ff:ff:ff:ff:ff,,,,,,
May-05, 2019 18:57:13.905280000 Jerusalem Daylight Time,,,,,,,,
May-05, 2019 18:57:13.917287000 Jerusalem Daylight Time,00:1c:10:f7:cd:bc,f4:0f:24:37:5b:39,64.233.166.125,192.168.1.122,5222,64738,,
May-05, 2019 18:57:13.918151000 Jerusalem Daylight Time,,,,,,,,
May-05, 2019 18:57:13.918218000 Jerusalem Daylight Time,,,,,,,,
May-05, 2019 18:57:13.950844000 Jerusalem Daylight Time,b8:55:10:25:bb:14,ff:ff:ff:ff:ff:ff,,,,,,
May-05, 2019 18:57:13.994698000 Jerusalem Daylight Time,00:1c:10:f7:cd:bc,f4:0f:24:37:5b:39,64.233.166.125,192.168.1.122,5222,64738,,
May-05, 2019 18:57:13.995183000 Jerusalem Daylight Time,00:1c:10:f7:cd:bc,f4:0f:24:37:5b:39,64.233.166.125,192.168.1.122,5222,64738,,
May-05, 2019 18:57:14.053362000 Jerusalem Daylight Time,b8:55:10:25:bb:14,ff:ff:ff:ff:ff:ff,,,,,,
May-05, 2019 18:57:14.053512000 Jerusalem Daylight Time,fc:6b:f0:0a:c3:43,b8:55:10:25:bb:14,,,,,,
May-05, 2019 18:57:14.053623000 Jerusalem Daylight Time,,,,,,,,
May-05, 2019 18:57:14.053707000 Jerusalem Daylight Time,f4:0f:24:37:5b:39,fc:6b:f0:0a:c3:43,192.168.1.122,224.0.0.251,,,5353,5353
May-05, 2019 18:57:14.053779000 Jerusalem Daylight Time,,,,,,,,
May-05, 2019 18:57:14.054026000 Jerusalem Daylight Time,f4:0f:24:37:5b:39,fc:6b:f0:0a:c3:43,,,,,5353,5353
May-05, 2019 18:57:14.054104000 Jerusalem Daylight Time,,,,,,,,
May-05, 2019 18:57:14.056179000 Jerusalem Daylight Time,d8:c4:6a:bd:86:52,b8:55:10:25:bb:14,,,,,,
May-05, 2019 18:57:14.056298000 Jerusalem Daylight Time,,,,,,,,
May-05, 2019 18:57:14.057418000 Jerusalem Daylight Time,f4:0f:24:37:5b:39,d8:c4:6a:bd:86:52,192.168.1.122,224.0.0.251,,,5353,5353
May-05, 2019 18:57:14.057510000 Jerusalem Daylight Time,,,,,,,,
May-05, 2019 18:57:14.058172000 Jerusalem Daylight Time,d8:c4:6a:bd:86:52,b8:55:10:25:bb:14,,,,,,
May-05, 2019 18:57:14.058259000 Jerusalem Daylight Time,,,,,,,,
May-05, 2019 18:57:14.059262000 Jerusalem Daylight Time,d8:c4:6a:bd:86:52,b8:55:10:25:bb:14,,,,,,
May-05, 2019 18:57:14.059348000 Jerusalem Daylight Time,,,,,,,,
May-05, 2019 18:57:14.061282000 Jerusalem Daylight Time,f4:0f:24:37:5b:39,d8:c4:6a:bd:86:52,,,,,5353,5353
May-05, 2019 18:57:14.061373000 Jerusalem Daylight Time,,,,,,,,
May-05, 2019 18:57:14.085673000 Jerusalem Daylight Time,fc:6b:f0:0a:c3:43,b8:55:10:25:bb:14,,,,,,
May-05, 2019 18:57:14.085754000 Jerusalem Daylight Time,,,,,,,,
May-05, 2019 18:57:14.155755000 Jerusalem Daylight Time,b8:55:10:25:bb:14,ff:ff:ff:ff:ff:ff,,,,,,
May-05, 2019 18:57:14.243845000 Jerusalem Daylight Time,08:c5:e1:d1:47:a5,d8:c4:6a:bd:86:52,192.168.1.105,224.0.0.251,,,5353,5353
May-05, 2019 18:57:14.243937000 Jerusalem Daylight Time,,,,,,,,
May-05, 2019 18:57:14.244632000 Jerusalem Daylight Time,08:c5:e1:d1:47:a5,6c:fd:b9:4f:70:0b,192.168.1.105,224.0.0.251,,,5353,5353
May-05, 2019 18:57:14.244723000 Jerusalem Daylight Time,,,,,,,,
May-05, 2019 18:57:14.244773000 Jerusalem Daylight Time,08:c5:e1:d1:47:a5,f4:0f:24:37:5b:39,192.168.1.105,224.0.0.251,,,5353,5353
May-05, 2019 18:57:14.248806000 Jerusalem Daylight Time,08:c5:e1:d1:47:a5,6c:fd:b9:4f:70:0b,,,,,5353,5353
May-05, 2019 18:57:14.248895000 Jerusalem Daylight Time,,,,,,,,
May-05, 2019 18:57:14.248945000 Jerusalem Daylight Time,08:c5:e1:d1:47:a5,f4:0f:24:37:5b:39,,,,,5353,5353
May-05, 2019 18:57:14.249876000 Jerusalem Daylight Time,08:c5:e1:d1:47:a5,d8:c4:6a:bd:86:52,,,,,5353,5353
May-05, 2019 18:57:14.249968000 Jerusalem Daylight Time,,,,,,,,
May-05, 2019 18:57:14.250484000 Jerusalem Daylight Time,,,,,,,,
May-05, 2019 18:57:14.258088000 Jerusalem Daylight Time,b8:55:10:25:bb:14,ff:ff:ff:ff:ff:ff,,,,,,
May-05, 2019 18:57:14.342476000 Jerusalem Daylight Time,98:fc:11:a1:f7:0f,b8:55:10:25:bb:14,,,,,,
May-05, 2019 18:57:14.342595000 Jerusalem Daylight Time,,,,,,,,
May-05, 2019 18:57:14.360569000 Jerusalem Daylight Time,b8:55:10:25:bb:14,ff:ff:ff:ff:ff:ff,,,,,,
May-05, 2019 18:57:14.427147000 Jerusalem Daylight Time,,,,,,,,
May-05, 2019 18:57:14.455755000 Jerusalem Daylight Time,,,,,,,,
May-05, 2019 18:57:14.456585000 Jerusalem Daylight Time,d8:c4:6a:bd:86:52,b8:55:10:25:bb:14,,,,,,
May-05, 2019 18:57:14.456673000 Jerusalem Daylight Time,,,,,,,,
May-05, 2019 18:57:14.462979000 Jerusalem Daylight Time,b8:55:10:25:bb:14,ff:ff:ff:ff:ff:ff,,,,,,
May-05, 2019 18:57:14.565411000 Jerusalem Daylight Time,b8:55:10:25:bb:14,ff:ff:ff:ff:ff:ff,,,,,,
May-05, 2019 18:57:14.667564000 Jerusalem Daylight Time,b8:55:10:25:bb:14,ff:ff:ff:ff:ff:ff,,,,,,
May-05, 2019 18:57:14.770014000 Jerusalem Daylight Time,b8:55:10:25:bb:14,ff:ff:ff:ff:ff:ff,,,,,,
May-05, 2019 18:57:14.872599000 Jerusalem Daylight Time,b8:55:10:25:bb:14,ff:ff:ff:ff:ff:ff,,,,,,
May-05, 2019 18:57:14.974900000 Jerusalem Daylight Time,b8:55:10:25:bb:14,ff:ff:ff:ff:ff:ff,,,,,,
May-05, 2019 18:57:15.036152000 Jerusalem Daylight Time,f2:8d:da:03:05:70,f6:b4:56:f7:d8:56,,,,,,
May-05, 2019 18:57:15.077364000 Jerusalem Daylight Time,b8:55:10:25:bb:14,ff:ff:ff:ff:ff:ff,,,,,,
May-05, 2019 18:57:15.077432000 Jerusalem Daylight Time,fc:6b:f0:0a:c3:43,b8:55:10:25:bb:14,,,,,,
May-05, 2019 18:57:15.077505000 Jerusalem Daylight Time,,,,,,,,
May-05, 2019 18:57:15.080489000 Jerusalem Daylight Time,08:c5:e1:d1:47:f1,fc:cc:87:3b:7c:50,,,,,,
May-05, 2019 18:57:15.080557000 Jerusalem Daylight Time,,,,,,,,
May-05, 2019 18:57:15.109507000 Jerusalem Daylight Time,fc:6b:f0:0a:c3:43,b8:55:10:25:bb:14,,,,,,
May-05, 2019 18:57:15.109594000 Jerusalem Daylight Time,,,,,,,,
May-05, 2019 18:57:15.179722000 Jerusalem Daylight Time,b8:55:10:25:bb:14,ff:ff:ff:ff:ff:ff,,,,,,
May-05, 2019 18:57:15.282169000 Jerusalem Daylight Time,b8:55:10:25:bb:14,ff:ff:ff:ff:ff:ff,,,,,,
May-05, 2019 18:57:15.384536000 Jerusalem Daylight Time,b8:55:10:25:bb:14,ff:ff:ff:ff:ff:ff,,,,,,
May-05, 2019 18:57:15.486918000 Jerusalem Daylight Time,b8:55:10:25:bb:14,ff:ff:ff:ff:ff:ff,,,,,,
May-05, 2019 18:57:15.589283000 Jerusalem Daylight Time,b8:55:10:25:bb:14,ff:ff:ff:ff:ff:ff,,,,,,
May-05, 2019 18:57:15.691734000 Jerusalem Daylight Time,b8:55:10:25:bb:14,ff:ff:ff:ff:ff:ff,,,,,,
May-05, 2019 18:57:15.794128000 Jerusalem Daylight Time,b8:55:10:25:bb:14,ff:ff:ff:ff:ff:ff,,,,,,
May-05, 2019 18:57:15.896501000 Jerusalem Daylight Time,b8:55:10:25:bb:14,ff:ff:ff:ff:ff:ff,,,,,,
May-05, 2019 18:57:15.950597000 Jerusalem Daylight Time,8e:0b:fa:ae:23:61,07:0e:08:4c:5e:46,,,,,,
May-05, 2019 18:57:15.998894000 Jerusalem Daylight Time,b8:55:10:25:bb:14,ff:ff:ff:ff:ff:ff,,,,,,
May-05, 2019 18:57:16.101301000 Jerusalem Daylight Time,b8:55:10:25:bb:14,ff:ff:ff:ff:ff:ff,,,,,,
May-05, 2019 18:57:16.203576000 Jerusalem Daylight Time,b8:55:10:25:bb:14,ff:ff:ff:ff:ff:ff,,,,,,
May-05, 2019 18:57:16.280778000 Jerusalem Daylight Time,6c:fd:b9:4f:70:0b,b8:55:10:25:bb:14,,,,,,
May-05, 2019 18:57:16.281381000 Jerusalem Daylight Time,6c:fd:b9:4f:70:0b,b8:55:10:25:bb:14,,,,,,
May-05, 2019 18:57:16.281456000 Jerusalem Daylight Time,,,,,,,,
May-05, 2019 18:57:16.306095000 Jerusalem Daylight Time,b8:55:10:25:bb:14,ff:ff:ff:ff:ff:ff,,,,,,
May-05, 2019 18:57:16.408524000 Jerusalem Daylight Time,b8:55:10:25:bb:14,ff:ff:ff:ff:ff:ff,,,,,,
May-05, 2019 18:57:16.487632000 Jerusalem Daylight Time,7f:8a:7b:ec:3e:a2,8c:7e:3c:42:3c:3e,,,,,,
May-05, 2019 18:57:16.510915000 Jerusalem Daylight Time,b8:55:10:25:bb:14,ff:ff:ff:ff:ff:ff,,,,,,
May-05, 2019 18:57:16.613284000 Jerusalem Daylight Time,b8:55:10:25:bb:14,ff:ff:ff:ff:ff:ff,,,,,,
May-05, 2019 18:57:16.715556000 Jerusalem Daylight Time,b8:55:10:25:bb:14,ff:ff:ff:ff:ff:ff,,,,,,
May-05, 2019 18:57:16.818092000 Jerusalem Daylight Time,b8:55:10:25:bb:14,ff:ff:ff:ff:ff:ff,,,,,,
May-05, 2019 18:57:16.906636000 Jerusalem Daylight Time,6c:fd:b9:4f:70:0b,00:1c:10:f7:cd:bc,192.168.1.151,213.57.2.5,,,2058,53
May-05, 2019 18:57:16.906704000 Jerusalem Daylight Time,,,,,,,,
May-05, 2019 18:57:16.920465000 Jerusalem Daylight Time,b8:55:10:25:bb:14,ff:ff:ff:ff:ff:ff,,,,,,
May-05, 2019 18:57:16.921248000 Jerusalem Daylight Time,00:1c:10:f7:cd:bc,6c:fd:b9:4f:70:0b,213.57.2.5,192.168.1.151,,,53,2058
May-05, 2019 18:57:16.921340000 Jerusalem Daylight Time,,,,,,,,
May-05, 2019 18:57:16.925485000 Jerusalem Daylight Time,6c:fd:b9:4f:70:0b,00:1c:10:f7:cd:bc,192.168.1.151,192.168.1.1,,,2058,53
May-05, 2019 18:57:16.925576000 Jerusalem Daylight Time,,,,,,,,
May-05, 2019 18:57:16.941462000 Jerusalem Daylight Time,00:1c:10:f7:cd:bc,6c:fd:b9:4f:70:0b,192.168.1.1,192.168.1.151,,,53,2058
May-05, 2019 18:57:16.941553000 Jerusalem Daylight Time,,,,,,,,
May-05, 2019 18:57:16.945511000 Jerusalem Daylight Time,6c:fd:b9:4f:70:0b,00:1c:63:d3:39:bf,192.168.1.151,213.57.2.5,,,2058,53
May-05, 2019 18:57:16.945578000 Jerusalem Daylight Time,,,,,,,,
May-05, 2019 18:57:16.958032000 Jerusalem Daylight Time,00:1c:10:f7:cd:bc,6c:fd:b9:4f:70:0b,213.57.2.5,192.168.1.151,,,53,2058
May-05, 2019 18:57:16.958115000 Jerusalem Daylight Time,00:1c:10:f7:cd:bc,6c:fd:b9:4f:70:0b,213.57.2.5,192.168.1.151,,,53,2058
May-05, 2019 18:57:16.958164000 Jerusalem Daylight Time,,,,,,,,
May-05, 2019 18:57:16.962488000 Jerusalem Daylight Time,6c:fd:b9:4f:70:0b,00:1c:10:f7:cd:bc,192.168.1.151,192.168.1.1,,,2058,53
May-05, 2019 18:57:16.962579000 Jerusalem Daylight Time,,,,,,,,
May-05, 2019 18:57:16.976205000 Jerusalem Daylight Time,00:1c:10:f7:cd:bc,6c:fd:b9:4f:70:0b,192.168.1.1,192.168.1.151,,,53,2058
May-05, 2019 18:57:16.976296000 Jerusalem Daylight Time,,,,,,,,
May-05, 2019 18:57:16.980033000 Jerusalem Daylight Time,6c:fd:b9:4f:70:0b,00:1c:10:f7:cd:bc,192.168.1.151,213.57.2.5,,,2058,53
May-05, 2019 18:57:16.980124000 Jerusalem Daylight Time,,,,,,,,
May-05, 2019 18:57:16.993422000 Jerusalem Daylight Time,00:1c:10:f7:cd:bc,6c:fd:b9:4f:70:0b,213.57.2.5,192.168.1.151,,,53,2058
May-05, 2019 18:57:16.993514000 Jerusalem Daylight Time,,,,,,,,
May-05, 2019 18:57:16.997462000 Jerusalem Daylight Time,6c:fd:b9:4f:70:0b,00:1c:10:f7:cd:bc,192.168.1.151,192.168.1.1,,,2058,53
May-05, 2019 18:57:16.997529000 Jerusalem Daylight Time,6c:fd:b9:4f:70:0b,00:1c:10:f7:cd:bc,192.168.1.151,192.168.1.1,,,2058,53
May-05, 2019 18:57:16.997860000 Jerusalem Daylight Time,6c:fd:b9:4f:70:0b,00:1c:10:f7:cd:bc,192.168.1.151,192.168.1.1,,,2058,53
May-05, 2019 18:57:16.997931000 Jerusalem Daylight Time,,,,,,,,
May-05, 2019 18:57:17.023204000 Jerusalem Daylight Time,b8:55:10:25:bb:14,ff:ff:ff:ff:ff:ff,,,,,,
May-05, 2019 18:57:17.023309000 Jerusalem Daylight Time,00:1c:10:f7:cd:bc,6c:fd:b9:4f:70:0b,192.168.1.1,192.168.1.151,,,53,2058
May-05, 2019 18:57:17.023380000 Jerusalem Daylight Time,,,,,,,,
May-05, 2019 18:57:17.028490000 Jerusalem Daylight Time,6c:fd:b9:4f:70:0b,00:1c:10:f7:cd:bc,192.168.1.151,213.57.2.5,,,2058,53
May-05, 2019 18:57:17.028558000 Jerusalem Daylight Time,,,,,,,,
May-05, 2019 18:57:17.029687000 Jerusalem Daylight Time,d8:c4:6a:bd:86:52,b8:55:10:25:bb:14,,,,,,
May-05, 2019 18:57:17.029769000 Jerusalem Daylight Time,d8:c4:6a:bd:86:52,b8:55:10:25:bb:14,,,,,,
May-05, 2019 18:57:17.029817000 Jerusalem Daylight Time,d8:c4:6a:bd:86:52,b8:55:10:25:bb:14,,,,,,
May-05, 2019 18:57:17.029865000 Jerusalem Daylight Time,,,,,,,,
May-05, 2019 18:57:17.030475000 Jerusalem Daylight Time,d8:c4:6a:bd:86:52,b8:55:10:25:bb:14,,,,,,
May-05, 2019 18:57:17.030562000 Jerusalem Daylight Time,,,,,,,,
May-05, 2019 18:57:17.030644000 Jerusalem Daylight Time,,,,,,,,
May-05, 2019 18:57:17.032436000 Jerusalem Daylight Time,,,,,,,,
May-05, 2019 18:57:17.033750000 Jerusalem Daylight Time,,,,,,,,
May-05, 2019 18:57:17.033823000 Jerusalem Daylight Time,,,,,,,,
May-05, 2019 18:57:17.033870000 Jerusalem Daylight Time,d8:c4:6a:bd:86:52,00:1c:10:f7:cd:bc,192.168.1.112,213.57.2.5,,,47824,53
May-05, 2019 18:57:17.033947000 Jerusalem Daylight Time,d8:c4:6a:bd:86:52,00:1c:10:f7:cd:bc,192.168.1.112,213.57.22.5,,,55161,53
May-05, 2019 18:57:17.033997000 Jerusalem Daylight Time,,,,,,,,
May-05, 2019 18:57:17.040665000 Jerusalem Daylight Time,00:1c:10:f7:cd:bc,6c:fd:b9:4f:70:0b,213.57.2.5,192.168.1.151,,,53,2058
May-05, 2019 18:57:17.040757000 Jerusalem Daylight Time,,,,,,,,
May-05, 2019 18:57:17.045488000 Jerusalem Daylight Time,ae:01:97:14:93:7c,8d:d0:81:f7:cd:bc,,,,,,
May-05, 2019 18:57:17.045538000 Jerusalem Daylight Time,,,,,,,,
May-05, 2019 18:57:17.047766000 Jerusalem Daylight Time,64:71:32:99:bc:7f,41:aa:d6:3f:24:c5,,,,,,
May-05, 2019 18:57:17.048218000 Jerusalem Daylight Time,,,,,,,,
May-05, 2019 18:57:17.048299000 Jerusalem Daylight Time,,,,,,,,
May-05, 2019 18:57:17.049247000 Jerusalem Daylight Time,,,,,,,,
May-05, 2019 18:57:17.049843000 Jerusalem Daylight Time,bf:c7:5c:db:03:f6,3f:49:c9:cc:1e:7b,,,,,,
May-05, 2019 18:57:17.049910000 Jerusalem Daylight Time,,,,,,,,
May-05, 2019 18:57:17.050845000 Jerusalem Daylight Time,00:1c:10:f7:cd:bc,d8:c4:6a:bd:86:52,213.57.2.5,192.168.1.112,,,53,47824
May-05, 2019 18:57:17.050936000 Jerusalem Daylight Time,00:1c:10:f7:cd:bc,d8:c4:6a:bd:86:52,213.57.2.5,192.168.1.112,,,53,47824
May-05, 2019 18:57:17.054207000 Jerusalem Daylight Time,,,,,,,,
May-05, 2019 18:57:17.054274000 Jerusalem Daylight Time,81:40:c9:c7:8b:33,49:6a:ee:37:33:d4,,,,,,
May-05, 2019 18:57:17.054885000 Jerusalem Daylight Time,,,,,,,,
May-05, 2019 18:57:17.055421000 Jerusalem Daylight Time,,,,,,,,
May-05, 2019 18:57:17.055490000 Jerusalem Daylight Time,a7:fe:14:f7:cd:bc,d8:23:a2:af:ac:b4,,,,,,
May-05, 2019 18:57:17.056283000 Jerusalem Daylight Time,00:1c:10:f7:cd:bc,d8:c4:6a:bd:86:52,213.57.22.5,192.168.1.112,,,53,55161
May-05, 2019 18:57:17.057457000 Jerusalem Daylight Time,00:1c:10:f7:cd:bc,d8:c4:6a:bd:86:52,213.57.22.5,192.168.1.112,,,53,55161
May-05, 2019 18:57:17.066810000 Jerusalem Daylight Time,00:1c:10:f7:cd:bc,6c:fd:b9:4f:70:0b,192.168.1.1,192.168.1.151,,,53,2058
May-05, 2019 18:57:17.066902000 Jerusalem Daylight Time,,,,,,,,
May-05, 2019 18:57:17.071310000 Jerusalem Daylight Time,6c:fd:b9:4f:70:0b,00:1c:10:f7:cd:bc,,,,,,
May-05, 2019 18:57:17.071381000 Jerusalem Daylight Time,,,,,,,,
May-05, 2019 18:57:17.084251000 Jerusalem Daylight Time,00:1c:10:f7:cd:bc,6c:fd:b9:4f:70:0b,213.57.2.5,192.168.1.151,,,53,2058
May-05, 2019 18:57:17.084342000 Jerusalem Daylight Time,,,,,,,,
May-05, 2019 18:57:17.087497000 Jerusalem Daylight Time,6c:fd:b9:4f:70:0b,00:1c:10:f7:cd:bc,192.168.1.151,192.168.1.1,,,2058,53
May-05, 2019 18:57:17.087564000 Jerusalem Daylight Time,,,,,,,,
May-05, 2019 18:57:17.091719000 Jerusalem Daylight Time,d8:c4:6a:bd:86:52,b8:55:10:25:bb:14,,,,,,
May-05, 2019 18:57:17.092322000 Jerusalem Daylight Time,d8:c4:6a:bd:86:52,b8:55:10:25:bb:14,,,,,,
May-05, 2019 18:57:17.092409000 Jerusalem Daylight Time,,,,,,,,
May-05, 2019 18:57:17.096277000 Jerusalem Daylight Time,d8:c4:6a:bd:86:52,b8:55:10:25:bb:14,,,,,,
May-05, 2019 18:57:17.096352000 Jerusalem Daylight Time,d8:c4:6a:bd:86:52,b8:55:10:25:bb:14,,,,,,
May-05, 2019 18:57:17.096399000 Jerusalem Daylight Time,,,,,,,,
May-05, 2019 18:57:17.097953000 Jerusalem Daylight Time,08:c5:e1:d1:47:a5,ff:ff:ff:ff:ff:ff,,,,,,
May-05, 2019 18:57:17.101688000 Jerusalem Daylight Time,d8:c4:6a:bd:86:52,b8:55:10:25:bb:14,,,,,,
May-05, 2019 18:57:17.102327000 Jerusalem Daylight Time,d8:c4:6a:bd:86:52,b8:55:10:25:bb:14,,,,,,
May-05, 2019 18:57:17.102414000 Jerusalem Daylight Time,,,,,,,,
May-05, 2019 18:57:17.102841000 Jerusalem Daylight Time,00:1c:10:f7:cd:bc,6c:fd:b9:4f:70:0b,192.168.1.1,192.168.1.151,,,53,2058
May-05, 2019 18:57:17.102983000 Jerusalem Daylight Time,00:1c:10:f7:cd:bc,6c:fd:b9:4f:70:0b,192.168.1.1,192.168.1.151,,,53,2058
May-05, 2019 18:57:17.103032000 Jerusalem Daylight Time,,,,,,,,
May-05, 2019 18:57:17.107494000 Jerusalem Daylight Time,,,,,,,,
May-05, 2019 18:57:17.107561000 Jerusalem Daylight Time,,,,,,,,
May-05, 2019 18:57:17.120277000 Jerusalem Daylight Time,00:1c:10:f7:cd:bc,6c:fd:b9:4f:70:0b,213.57.2.5,192.168.1.151,,,53,2058
May-05, 2019 18:57:17.120369000 Jerusalem Daylight Time,,,,,,,,
May-05, 2019 18:57:17.125262000 Jerusalem Daylight Time,b8:55:10:25:bb:14,ff:ff:ff:ff:ff:ff,,,,,,
May-05, 2019 18:57:17.125403000 Jerusalem Daylight Time,6c:fd:b9:4f:70:0b,80:25:dc:b8:cd:bc,,,,,,
May-05, 2019 18:57:17.125452000 Jerusalem Daylight Time,,,,,,,,
May-05, 2019 18:57:17.140290000 Jerusalem Daylight Time,00:1c:10:f7:cd:bc,6c:fd:b9:4f:70:0b,192.168.1.1,192.168.1.151,,,53,2058
May-05, 2019 18:57:17.140382000 Jerusalem Daylight Time,,,,,,,,
May-05, 2019 18:57:17.143700000 Jerusalem Daylight Time,6c:fd:79:53:79:0b,00:1c:10:f7:cd:bc,,,,,,
May-05, 2019 18:57:17.143768000 Jerusalem Daylight Time,,,,,,,,
May-05, 2019 18:57:17.158304000 Jerusalem Daylight Time,00:1c:10:f7:cd:bc,6c:fd:b9:4f:70:0b,213.57.2.5,192.168.1.151,,,53,2058
May-05, 2019 18:57:17.158395000 Jerusalem Daylight Time,,,,,,,,
May-05, 2019 18:57:17.184911000 Jerusalem Daylight Time,d8:c4:6a:bd:86:52,b8:55:10:25:bb:14,,,,,,
May-05, 2019 18:57:17.185243000 Jerusalem Daylight Time,d8:c4:6a:bd:86:52,b8:55:10:25:bb:14,,,,,,
May-05, 2019 18:57:17.185318000 Jerusalem Daylight Time,,,,,,,,
May-05, 2019 18:57:17.187009000 Jerusalem Daylight Time,00:1c:10:f7:cd:bc,6c:fd:b9:4f:70:0b,192.168.1.1,192.168.1.151,,,53,2058
May-05, 2019 18:57:17.187101000 Jerusalem Daylight Time,,,,,,,,
May-05, 2019 18:57:17.190449000 Jerusalem Daylight Time,d8:c4:6a:bd:86:52,b8:55:10:25:bb:14,,,,,,
May-05, 2019 18:57:17.191073000 Jerusalem Daylight Time,d8:c4:6a:bd:86:52,b8:55:10:25:bb:14,,,,,,
May-05, 2019 18:57:17.191160000 Jerusalem Daylight Time,,,,,,,,
May-05, 2019 18:57:17.192544000 Jerusalem Daylight Time,a0:f4:14:ee:0e:49,6b:78:85:f7:6d:af,,,,,,
May-05, 2019 18:57:17.192612000 Jerusalem Daylight Time,,,,,,,,
May-05, 2019 18:57:17.202828000 Jerusalem Daylight Time,d8:c4:6a:bd:86:52,b8:55:10:25:bb:14,,,,,,
May-05, 2019 18:57:17.202914000 Jerusalem Daylight Time,d8:c4:6a:bd:86:52,b8:55:10:25:bb:14,,,,,,
May-05, 2019 18:57:17.202962000 Jerusalem Daylight Time,,,,,,,,
May-05, 2019 18:57:17.203010000 Jerusalem Daylight Time,d8:c4:6a:bd:86:52,b8:55:10:25:bb:14,,,,,,
May-05, 2019 18:57:17.203692000 Jerusalem Daylight Time,d8:c4:6a:bd:86:52,b8:55:10:25:bb:14,,,,,,
May-05, 2019 18:57:17.203779000 Jerusalem Daylight Time,,,,,,,,
May-05, 2019 18:57:17.204835000 Jerusalem Daylight Time,00:1c:10:f7:cd:bc,6c:fd:b9:4f:70:0b,213.57.2.5,192.168.1.151,,,53,2058
May-05, 2019 18:57:17.204927000 Jerusalem Daylight Time,,,,,,,,
May-05, 2019 18:57:17.220025000 Jerusalem Daylight Time,d8:c4:6a:bd:86:52,b8:55:10:25:bb:14,,,,,,
May-05, 2019 18:57:17.220108000 Jerusalem Daylight Time,,,,,,,,
May-05, 2019 18:57:17.221690000 Jerusalem Daylight Time,d8:c4:6a:bd:86:52,b8:55:10:25:bb:14,,,,,,
May-05, 2019 18:57:17.222322000 Jerusalem Daylight Time,d8:c4:6a:bd:86:52,b8:55:10:25:bb:14,,,,,,
May-05, 2019 18:57:17.222410000 Jerusalem Daylight Time,,,,,,,,
May-05, 2019 18:57:17.227648000 Jerusalem Daylight Time,6c:6a:fb:e9:86:36,3a:d5:4e:a1:90:44,,,,,,
May-05, 2019 18:57:17.265390000 Jerusalem Daylight Time,d8:c4:6a:bd:86:52,b8:55:10:25:bb:14,,,,,,
May-05, 2019 18:57:17.265457000 Jerusalem Daylight Time,,,,,,,,
May-05, 2019 18:57:17.265499000 Jerusalem Daylight Time,d8:c4:6a:bd:86:52,b8:55:10:25:bb:14,,,,,,
May-05, 2019 18:57:17.265542000 Jerusalem Daylight Time,,,,,,,,
May-05, 2019 18:57:17.302777000 Jerusalem Daylight Time,08:c5:e1:d1:47:a5,ff:ff:ff:ff:ff:ff,,,,,,
May-05, 2019 18:57:17.322994000 Jerusalem Daylight Time,08:c5:e1:d1:47:a5,ff:ff:ff:ff:ff:ff,,,,,,
May-05, 2019 18:57:17.330050000 Jerusalem Daylight Time,b8:55:10:25:bb:14,ff:ff:ff:ff:ff:ff,,,,,,
May-05, 2019 18:57:17.347915000 Jerusalem Daylight Time,08:c5:e1:d1:47:a5,ff:ff:ff:ff:ff:ff,,,,,,
May-05, 2019 18:57:17.368117000 Jerusalem Daylight Time,08:c5:e1:d1:47:a5,ff:ff:ff:ff:ff:ff,,,,,,
May-05, 2019 18:57:17.432459000 Jerusalem Daylight Time,b8:55:10:25:bb:14,ff:ff:ff:ff:ff:ff,,,,,,
May-05, 2019 18:57:17.462775000 Jerusalem Daylight Time,08:c5:e1:d1:47:a5,ff:ff:ff:ff:ff:ff,,,,,,
May-05, 2019 18:57:17.534697000 Jerusalem Daylight Time,b8:55:10:25:bb:14,ff:ff:ff:ff:ff:ff,,,,,,
May-05, 2019 18:57:17.637248000 Jerusalem Daylight Time,b8:55:10:25:bb:14,ff:ff:ff:ff:ff:ff,,,,,,
May-05, 2019 18:57:17.739522000 Jerusalem Daylight Time,b8:55:10:25:bb:14,ff:ff:ff:ff:ff:ff,,,,,,
May-05, 2019 18:57:17.842053000 Jerusalem Daylight Time,b8:55:10:25:bb:14,ff:ff:ff:ff:ff:ff,,,,,,
May-05, 2019 18:57:17.944445000 Jerusalem Daylight Time,b8:55:10:25:bb:14,ff:ff:ff:ff:ff:ff,,,,,,
May-05, 2019 18:57:18.046822000 Jerusalem Daylight Time,b8:55:10:25:bb:14,ff:ff:ff:ff:ff:ff,,,,,,
May-05, 2019 18:57:18.149242000 Jerusalem Daylight Time,b8:55:10:25:bb:14,ff:ff:ff:ff:ff:ff,,,,,,
May-05, 2019 18:57:18.251535000 Jerusalem Daylight Time,b8:55:10:25:bb:14,ff:ff:ff:ff:ff:ff,,,,,,
May-05, 2019 18:57:18.253140000 Jerusalem Daylight Time,,,,,,,,
May-05, 2019 18:57:18.254768000 Jerusalem Daylight Time,00:1c:10:f7:cd:bc,6c:0c:24:37:5b:39,,,,,,
May-05, 2019 18:57:18.255064000 Jerusalem Daylight Time,,,,,,,,
May-05, 2019 18:57:18.255607000 Jerusalem Daylight Time,98:cf:ab:a3:1b:7b,f4:4f:0e:ca:13:91,,,,,,
May-05, 2019 18:57:18.256024000 Jerusalem Daylight Time,,,,,,,,
May-05, 2019 18:57:18.256670000 Jerusalem Daylight Time,,,,,,,,
May-05, 2019 18:57:18.257118000 Jerusalem Daylight Time,00:1c:10:f7:cd:bc,f4:0f:24:37:5b:39,162.125.18.133,192.168.1.122,443,64742,,
May-05, 2019 18:57:18.257901000 Jerusalem Daylight Time,00:1c:10:f7:cd:bc,f4:0f:24:37:5b:39,162.125.18.133,192.168.1.122,443,64742,,
May-05, 2019 18:57:18.258458000 Jerusalem Daylight Time,,,,,,,,
May-05, 2019 18:57:18.258504000 Jerusalem Daylight Time,,,,,,,,
May-05, 2019 18:57:18.260666000 Jerusalem Daylight Time,,,,,,,,
May-05, 2019 18:57:18.261060000 Jerusalem Daylight Time,,,,,,,,
May-05, 2019 18:57:18.261600000 Jerusalem Daylight Time,,,,,,,,
May-05, 2019 18:57:18.262324000 Jerusalem Daylight Time,,,,,,,,
May-05, 2019 18:57:18.263413000 Jerusalem Daylight Time,,,,,,,,
May-05, 2019 18:57:18.355361000 Jerusalem Daylight Time,b8:55:10:25:bb:14,ff:ff:ff:ff:ff:ff,,,,,,
May-05, 2019 18:57:18.412168000 Jerusalem Daylight Time,00:1c:10:f7:cd:bc,f4:0f:24:37:5b:39,162.125.18.133,192.168.1.122,443,64742,,
May-05, 2019 18:57:18.414375000 Jerusalem Daylight Time,00:1c:10:f7:cd:bc,f4:0f:24:37:5b:39,162.125.18.133,192.168.1.122,443,64742,,
May-05, 2019 18:57:18.414461000 Jerusalem Daylight Time,00:1c:10:f7:cd:bc,f4:0f:24:37:5b:39,162.125.18.133,192.168.1.122,443,64742,,
May-05, 2019 18:57:18.456487000 Jerusalem Daylight Time,b8:55:10:25:bb:14,ff:ff:ff:ff:ff:ff,,,,,,
May-05, 2019 18:57:18.469843000 Jerusalem Daylight Time,,,,,,,,
May-05, 2019 18:57:18.558828000 Jerusalem Daylight Time,b8:55:10:25:bb:14,ff:ff:ff:ff:ff:ff,,,,,,
May-05, 2019 18:57:18.564318000 Jerusalem Daylight Time,,,,,,,,
May-05, 2019 18:57:18.565288000 Jerusalem Daylight Time,,,,,,,,
May-05, 2019 18:57:18.565365000 Jerusalem Daylight Time,,,,,,,,
May-05, 2019 18:57:18.661434000 Jerusalem Daylight Time,b8:55:10:25:bb:14,ff:ff:ff:ff:ff:ff,,,,,,
May-05, 2019 18:57:18.713941000 Jerusalem Daylight Time,00:1c:10:f7:cd:bc,f4:0f:24:37:5b:39,162.125.18.133,192.168.1.122,443,64742,,
May-05, 2019 18:57:18.763454000 Jerusalem Daylight Time,b8:55:10:25:bb:14,ff:ff:ff:ff:ff:ff,,,,,,
May-05, 2019 18:57:18.866004000 Jerusalem Daylight Time,b8:55:10:25:bb:14,ff:ff:ff:ff:ff:ff,,,,,,
May-05, 2019 18:57:18.920195000 Jerusalem Daylight Time,,,,,,,,
May-05, 2019 18:57:18.969004000 Jerusalem Daylight Time,b8:55:10:25:bb:14,ff:ff:ff:ff:ff:ff,,,,,,
May-05, 2019 18:57:19.070842000 Jerusalem Daylight Time,b8:55:10:25:bb:14,ff:ff:ff:ff:ff:ff,,,,,,
May-05, 2019 18:57:19.173230000 Jerusalem Daylight Time,b8:55:10:25:bb:14,ff:ff:ff:ff:ff:ff,,,,,,
May-05, 2019 18:57:19.175885000 Jerusalem Daylight Time,34:23:87:e2:22:1b,ff:ff:ff:ff:ff:ff,192.168.1.107,255.255.255.255,,,17500,17500
May-05, 2019 18:57:19.275546000 Jerusalem Daylight Time,b8:55:10:25:bb:14,ff:ff:ff:ff:ff:ff,,,,,,
May-05, 2019 18:57:19.278194000 Jerusalem Daylight Time,34:23:87:e2:22:1b,ff:ff:ff:ff:ff:ff,192.168.1.107,255.255.255.255,,,17500,17500
May-05, 2019 18:57:19.302862000 Jerusalem Daylight Time,c6:a0:73:ce:8d:9e,07:32:f1:7f:b0:bf,,,,,,
May-05, 2019 18:57:19.378004000 Jerusalem Daylight Time,b8:55:10:25:bb:14,ff:ff:ff:ff:ff:ff,,,,,,
May-05, 2019 18:57:19.380676000 Jerusalem Daylight Time,34:23:87:e2:22:1b,ff:ff:ff:ff:ff:ff,192.168.1.107,255.255.255.255,,,17500,17500
May-05, 2019 18:57:19.414892000 Jerusalem Daylight Time,c5:3f:7b:2a:28:00,48:5b:8d:a6:0b:a3,,,,,,
May-05, 2019 18:57:19.480387000 Jerusalem Daylight Time,b8:55:10:25:bb:14,ff:ff:ff:ff:ff:ff,,,,,,
May-05, 2019 18:57:19.483052000 Jerusalem Daylight Time,34:23:87:e2:22:1b,ff:ff:ff:ff:ff:ff,192.168.1.107,192.168.1.255,,,17500,17500
May-05, 2019 18:57:19.582794000 Jerusalem Daylight Time,b8:55:10:25:bb:14,ff:ff:ff:ff:ff:ff,,,,,,
May-05, 2019 18:57:19.585482000 Jerusalem Daylight Time,c3:e5:eb:79:0c:f4,ff:ff:ff:ff:ff:ff,192.168.1.107,255.255.255.255,,,17500,17500
May-05, 2019 18:57:19.685220000 Jerusalem Daylight Time,b8:55:10:25:bb:14,ff:ff:ff:ff:ff:ff,,,,,,
May-05, 2019 18:57:19.687872000 Jerusalem Daylight Time,34:23:87:e2:22:1b,ff:ff:ff:ff:ff:ff,192.168.1.107,255.255.255.255,,,17500,17500
May-05, 2019 18:57:19.787487000 Jerusalem Daylight Time,b8:55:10:25:bb:14,ff:ff:ff:ff:ff:ff,,,,,,
May-05, 2019 18:57:19.890069000 Jerusalem Daylight Time,b8:55:10:25:bb:14,ff:ff:ff:ff:ff:ff,,,,,,
May-05, 2019 18:57:19.992404000 Jerusalem Daylight Time,b8:55:10:25:bb:14,ff:ff:ff:ff:ff:ff,,,,,,
May-05, 2019 18:57:20.025253000 Jerusalem Daylight Time,,,,,,,,
May-05, 2019 18:57:20.094781000 Jerusalem Daylight Time,b8:55:10:25:bb:14,ff:ff:ff:ff:ff:ff,,,,,,
May-05, 2019 18:57:20.197224000 Jerusalem Daylight Time,b8:55:10:25:bb:14,ff:ff:ff:ff:ff:ff,,,,,,
May-05, 2019 18:57:20.200221000 Jerusalem Daylight Time,e0:cb:4e:31:20:6c,ff:ff:ff:ff:ff:ff,192.168.1.103,255.255.255.255,,,68,67
May-05, 2019 18:57:20.401966000 Jerusalem Daylight Time,b8:55:10:25:bb:14,ff:ff:ff:ff:ff:ff,,,,,,
May-05, 2019 18:57:20.504389000 Jerusalem Daylight Time,b8:55:10:25:bb:14,ff:ff:ff:ff:ff:ff,,,,,,
May-05, 2019 18:57:20.594371000 Jerusalem Daylight Time,c9:fe:c1:02:da:5b,ce:e6:10:75:80:a5,,,,,,
May-05, 2019 18:57:20.606760000 Jerusalem Daylight Time,b8:55:10:25:bb:14,ff:ff:ff:ff:ff:ff,,,,,,
May-05, 2019 18:57:20.709159000 Jerusalem Daylight Time,b8:55:10:25:bb:14,ff:ff:ff:ff:ff:ff,,,,,,
May-05, 2019 18:57:20.811559000 Jerusalem Daylight Time,b8:55:10:25:bb:14,ff:ff:ff:ff:ff:ff,,,,,,
May-05, 2019 18:57:20.913967000 Jerusalem Daylight Time,b8:55:10:25:bb:14,ff:ff:ff:ff:ff:ff,,,,,,
May-05, 2019 18:57:21.016365000 Jerusalem Daylight Time,b8:55:10:25:bb:14,ff:ff:ff:ff:ff:ff,,,,,,
May-05, 2019 18:57:21.120291000 Jerusalem Daylight Time,b8:55:10:25:bb:14,ff:ff:ff:ff:ff:ff,,,,,,
May-05, 2019 18:57:21.155154000 Jerusalem Daylight Time,a8:d2:54:6e:1a:5c,c7:7a:05:fb:01:da,,,,,,
May-05, 2019 18:57:21.221137000 Jerusalem Daylight Time,b8:55:10:25:bb:14,ff:ff:ff:ff:ff:ff,,,,,,
May-05, 2019 18:57:21.323516000 Jerusalem Daylight Time,b8:55:10:25:bb:14,ff:ff:ff:ff:ff:ff,,,,,,
May-05, 2019 18:57:21.425939000 Jerusalem Daylight Time,b8:55:10:25:bb:14,ff:ff:ff:ff:ff:ff,,,,,,
May-05, 2019 18:57:21.468308000 Jerusalem Daylight Time,,,,,,,,
May-05, 2019 18:57:21.528333000 Jerusalem Daylight Time,b8:55:10:25:bb:14,ff:ff:ff:ff:ff:ff,,,,,,
May-05, 2019 18:57:21.570027000 Jerusalem Daylight Time,,,,,,,,
May-05, 2019 18:57:21.570107000 Jerusalem Daylight Time,,,,,,,,
May-05, 2019 18:57:21.570158000 Jerusalem Daylight Time,,,,,,,,
May-05, 2019 18:57:21.570246000 Jerusalem Daylight Time,d8:c4:6a:bd:86:52,00:1c:10:f7:cd:bc,192.168.1.112,203.107.33.85,58307,80,,
May-05, 2019 18:57:21.570334000 Jerusalem Daylight Time,,,,,,,,
May-05, 2019 18:57:21.570428000 Jerusalem Daylight Time,d8:c4:6a:bd:86:52,b8:55:10:25:bb:14,,,,,,
May-05, 2019 18:57:21.570477000 Jerusalem Daylight Time,d8:c4:6a:bd:86:52,b8:55:10:25:bb:14,,,,,,
May-05, 2019 18:57:21.570553000 Jerusalem Daylight Time,d8:c4:6a:bd:86:52,b8:55:10:25:bb:14,,,,,,
May-05, 2019 18:57:21.571400000 Jerusalem Daylight Time,d8:c4:6a:bd:86:52,b8:55:10:25:bb:14,,,,,,
May-05, 2019 18:57:21.571488000 Jerusalem Daylight Time,,,,,,,,
May-05, 2019 18:57:21.684639000 Jerusalem Daylight Time,e0:fc:cf:36:fc:46,a1:b0:ce:5e:75:b5,,,,,,
May-05, 2019 18:57:21.733111000 Jerusalem Daylight Time,b8:55:10:25:bb:14,ff:ff:ff:ff:ff:ff,,,,,,
May-05, 2019 18:57:21.740866000 Jerusalem Daylight Time,d8:c4:6a:bd:86:52,b8:55:10:25:bb:14,,,,,,
May-05, 2019 18:57:21.740953000 Jerusalem Daylight Time,,,,,,,,
May-05, 2019 18:57:21.764969000 Jerusalem Daylight Time,d8:c4:6a:bd:86:52,b8:55:10:25:bb:14,,,,,,
May-05, 2019 18:57:21.765056000 Jerusalem Daylight Time,,,,,,,,
May-05, 2019 18:57:21.780620000 Jerusalem Daylight Time,d8:c4:6a:bd:86:52,b8:55:10:25:bb:14,,,,,,
May-05, 2019 18:57:21.796613000 Jerusalem Daylight Time,d8:c4:6a:bd:86:52,b8:55:10:25:bb:14,,,,,,
May-05, 2019 18:57:21.809321000 Jerusalem Daylight Time,d8:c4:6a:bd:86:52,b8:55:10:25:bb:14,,,,,,
May-05, 2019 18:57:21.809792000 Jerusalem Daylight Time,d8:c4:6a:bd:86:52,b8:55:10:25:bb:14,,,,,,
May-05, 2019 18:57:21.810557000 Jerusalem Daylight Time,d8:c4:6a:bd:86:52,b8:55:10:25:bb:14,,,,,,
May-05, 2019 18:57:21.811344000 Jerusalem Daylight Time,d8:c4:6a:bd:86:52,b8:55:10:25:bb:14,,,,,,
May-05, 2019 18:57:21.811432000 Jerusalem Daylight Time,,,,,,,,
May-05, 2019 18:57:21.835529000 Jerusalem Daylight Time,b8:55:10:25:bb:14,ff:ff:ff:ff:ff:ff,,,,,,
May-05, 2019 18:57:21.937739000 Jerusalem Daylight Time,b8:55:10:25:bb:14,ff:ff:ff:ff:ff:ff,,,,,,
May-05, 2019 18:57:21.938250000 Jerusalem Daylight Time,,,,,,,,
May-05, 2019 18:57:21.938716000 Jerusalem Daylight Time,00:1c:10:f7:cd:bc,f4:0f:24:37:5b:39,,,,,,
May-05, 2019 18:57:21.938966000 Jerusalem Daylight Time,00:bc:0f:e9:cb:bc,83:ea:6c:12:33:1a,74.125.133.189,192.168.1.122,,,443,62019
May-05, 2019 18:57:21.939036000 Jerusalem Daylight Time,c6:c2:40:98:50:c9,a8:2c:70:fb:e0:82,,,,,,
May-05, 2019 18:57:21.939948000 Jerusalem Daylight Time,00:1c:10:f7:6d:b2,f4:0f:24:37:5b:39,,,,,,
May-05, 2019 18:57:21.940015000 Jerusalem Daylight Time,00:1c:10:f7:cd:bc,f4:0f:24:37:5b:39,,,,,,
May-05, 2019 18:57:21.940623000 Jerusalem Daylight Time,00:1c:10:f7:cd:bc,f4:0f:24:37:5b:39,74.125.133.189,192.168.1.122,,,443,62019
May-05, 2019 18:57:21.969036000 Jerusalem Daylight Time,,,,,,,,
May-05, 2019 18:57:21.969103000 Jerusalem Daylight Time,,,,,,,,
May-05, 2019 18:57:22.040339000 Jerusalem Daylight Time,b8:55:10:25:bb:14,ff:ff:ff:ff:ff:ff,,,,,,
May-05, 2019 18:57:22.047811000 Jerusalem Daylight Time,d8:c4:6a:bd:86:52,b8:55:10:25:bb:14,,,,,,
May-05, 2019 18:57:22.047900000 Jerusalem Daylight Time,d8:c4:6a:bd:86:52,b8:55:10:25:bb:14,,,,,,
May-05, 2019 18:57:22.047948000 Jerusalem Daylight Time,d8:c4:6a:bd:86:52,b8:55:10:25:bb:14,,,,,,
May-05, 2019 18:57:22.048480000 Jerusalem Daylight Time,d8:c4:6a:bd:86:52,b8:55:10:25:bb:14,,,,,,
May-05, 2019 18:57:22.048605000 Jerusalem Daylight Time,,,,,,,,
May-05, 2019 18:57:22.048655000 Jerusalem Daylight Time,,,,,,,,
May-05, 2019 18:57:22.049198000 Jerusalem Daylight Time,d8:c4:6a:bd:86:52,b8:55:10:25:bb:14,,,,,,
May-05, 2019 18:57:22.049279000 Jerusalem Daylight Time,,,,,,,,
May-05, 2019 18:57:22.065474000 Jerusalem Daylight Time,,,,,,,,
May-05, 2019 18:57:22.065540000 Jerusalem Daylight Time,,,,,,,,
May-05, 2019 18:57:22.065586000 Jerusalem Daylight Time,d8:c4:6a:bd:86:52,00:1c:10:f7:cd:bc,,,,,,
May-05, 2019 18:57:22.065640000 Jerusalem Daylight Time,,,,,,,,
May-05, 2019 18:57:22.065685000 Jerusalem Daylight Time,00:1c:10:f7:cd:bc,d8:c4:6a:bd:f2:5b,,,,,,
May-05, 2019 18:57:22.066127000 Jerusalem Daylight Time,00:1c:10:f7:cd:bc,d8:c4:6a:bd:86:52,,,,,,
May-05, 2019 18:57:22.066785000 Jerusalem Daylight Time,84:96:e9:aa:0e:a0,d8:c4:6a:bd:86:52,,,,,,
May-05, 2019 18:57:22.067471000 Jerusalem Daylight Time,2a:f7:67:fe:38:87,d8:c4:6a:bd:4a:c3,,,,,,
May-05, 2019 18:57:22.068104000 Jerusalem Daylight Time,00:1c:10:f7:cd:bc,d8:c4:6a:bd:86:52,,,,,,
May-05, 2019 18:57:22.068581000 Jerusalem Daylight Time,00:1c:10:f7:cd:bc,d8:c4:6a:bd:86:52,,,,,,
May-05, 2019 18:57:22.068703000 Jerusalem Daylight Time,00:1c:10:f7:cd:bc,d8:c4:6a:bd:86:52,,,,,,
May-05, 2019 18:57:22.069218000 Jerusalem Daylight Time,ae:8d:b0:f6:cd:bc,d8:c4:6a:67:ce:fa,,,,,,
May-05, 2019 18:57:22.069681000 Jerusalem Daylight Time,1c:b5:7c:93:5c:bd,d8:c4:6a:bd:86:52,,,,,,
May-05, 2019 18:57:22.070126000 Jerusalem Daylight Time,,,,,,,,
May-05, 2019 18:57:22.070631000 Jerusalem Daylight Time,,,,,,,,
May-05, 2019 18:57:22.071234000 Jerusalem Daylight Time,48:79:c7:6f:12:79,ba:33:cc:a8:90:23,d8:c4:6a:bd:be:00,ac:07:f6:bb:84:36,,,,
May-05, 2019 18:57:22.071530000 Jerusalem Daylight Time,35:2c:27:43:98:01,61:d2:99:13:4d:c8,,,,,,
May-05, 2019 18:57:22.072294000 Jerusalem Daylight Time,00:1c:10:f7:cd:bc,d8:c4:6a:bd:86:52,,,,,,
May-05, 2019 18:57:22.072380000 Jerusalem Daylight Time,00:1c:10:f7:cd:bc,d8:c4:6a:bd:86:52,,,,,,
May-05, 2019 18:57:22.142702000 Jerusalem Daylight Time,b8:55:10:25:bb:14,ff:ff:ff:ff:ff:ff,,,,,,
May-05, 2019 18:57:22.245095000 Jerusalem Daylight Time,b8:55:10:25:bb:14,ff:ff:ff:ff:ff:ff,,,,,,
May-05, 2019 18:57:22.272797000 Jerusalem Daylight Time,d8:c4:6a:bd:86:52,b8:55:10:25:bb:14,,,,,,
May-05, 2019 18:57:22.272873000 Jerusalem Daylight Time,d8:c4:6a:bd:86:52,b8:55:10:25:bb:14,,,,,,
May-05, 2019 18:57:22.272922000 Jerusalem Daylight Time,d8:c4:6a:bd:86:52,b8:55:10:25:bb:14,,,,,,
May-05, 2019 18:57:22.273469000 Jerusalem Daylight Time,d8:c4:6a:bd:86:52,b8:55:10:25:bb:14,,,,,,
May-05, 2019 18:57:22.273556000 Jerusalem Daylight Time,,,,,,,,
May-05, 2019 18:57:22.278782000 Jerusalem Daylight Time,,,,,,,,
May-05, 2019 18:57:22.318698000 Jerusalem Daylight Time,,,,,,,,
May-05, 2019 18:57:22.347499000 Jerusalem Daylight Time,b8:55:10:25:bb:14,ff:ff:ff:ff:ff:ff,,,,,,
May-05, 2019 18:57:22.449794000 Jerusalem Daylight Time,b8:55:10:25:bb:14,ff:ff:ff:ff:ff:ff,,,,,,
May-05, 2019 18:57:22.552300000 Jerusalem Daylight Time,b8:55:10:25:bb:14,ff:ff:ff:ff:ff:ff,,,,,,
May-05, 2019 18:57:22.654666000 Jerusalem Daylight Time,b8:55:10:25:bb:14,ff:ff:ff:ff:ff:ff,,,,,,
May-05, 2019 18:57:22.757092000 Jerusalem Daylight Time,b8:55:10:25:bb:14,ff:ff:ff:ff:ff:ff,,,,,,
May-05, 2019 18:57:22.859501000 Jerusalem Daylight Time,b8:55:10:25:bb:14,ff:ff:ff:ff:ff:ff,,,,,,
May-05, 2019 18:57:22.961906000 Jerusalem Daylight Time,27:17:36:98:61:16,ff:ff:99:2f:2e:6a,,,,,,
May-05, 2019 18:57:23.039473000 Jerusalem Daylight Time,,,,,,,,
May-05, 2019 18:57:23.039543000 Jerusalem Daylight Time,,,,,,,,
May-05, 2019 18:57:23.039590000 Jerusalem Daylight Time,,,,,,,,
May-05, 2019 18:57:23.040282000 Jerusalem Daylight Time,,,,,,,,
May-05, 2019 18:57:23.040354000 Jerusalem Daylight Time,,,,,,,,
May-05, 2019 18:57:23.040402000 Jerusalem Daylight Time,d8:c4:6a:bd:86:52,00:1c:10:f7:cd:bc,,,,,,
May-05, 2019 18:57:23.040480000 Jerusalem Daylight Time,,,,,,,,
May-05, 2019 18:57:23.040579000 Jerusalem Daylight Time,d8:c4:6a:bd:86:52,b8:55:10:25:bb:14,,,,,,
May-05, 2019 18:57:23.041172000 Jerusalem Daylight Time,00:1c:10:f7:cd:bc,d8:c4:6a:bd:86:52,,,,,,
May-05, 2019 18:57:23.041321000 Jerusalem Daylight Time,84:96:e9:aa:0e:a0,b4:a0:14:9a:4a:c3,,,,,,
May-05, 2019 18:57:23.041778000 Jerusalem Daylight Time,d8:c4:6a:bd:86:52,b8:55:10:25:bb:14,,,,,,
May-05, 2019 18:57:23.041866000 Jerusalem Daylight Time,00:1c:10:f7:cd:bc,d8:c4:6a:bd:86:52,,,,,,
May-05, 2019 18:57:23.042691000 Jerusalem Daylight Time,d9:29:dc:66:07:ba,d8:c4:6a:bd:86:52,,,,,,
May-05, 2019 18:57:23.043295000 Jerusalem Daylight Time,d8:c4:6a:bd:86:52,b8:55:10:25:bb:14,,,,,,
May-05, 2019 18:57:23.043383000 Jerusalem Daylight Time,00:1c:10:f7:cd:bc,d8:c4:6a:bd:86:52,,,,,,
May-05, 2019 18:57:23.044022000 Jerusalem Daylight Time,00:1c:10:f7:cd:bc,d8:c4:6a:bd:86:52,,,,,,
May-05, 2019 18:57:23.044716000 Jerusalem Daylight Time,d8:c4:6a:bd:86:52,b8:55:10:25:bb:14,,,,,,
May-05, 2019 18:57:23.046065000 Jerusalem Daylight Time,d8:c4:6a:bd:86:52,b8:55:10:25:bb:14,,,,,,
May-05, 2019 18:57:23.046152000 Jerusalem Daylight Time,,,,,,,,
May-05, 2019 18:57:23.064317000 Jerusalem Daylight Time,b8:55:10:25:bb:14,ff:ff:ff:ff:ff:ff,,,,,,
May-05, 2019 18:57:23.108573000 Jerusalem Daylight Time,d8:c4:6a:bd:86:52,b8:55:10:25:bb:14,,,,,,
May-05, 2019 18:57:23.108655000 Jerusalem Daylight Time,,,,,,,,
May-05, 2019 18:57:23.166681000 Jerusalem Daylight Time,b8:55:10:25:bb:14,ff:ff:ff:ff:ff:ff,,,,,,
May-05, 2019 18:57:23.269060000 Jerusalem Daylight Time,b8:55:10:25:bb:14,ff:ff:ff:ff:ff:ff,,,,,,
May-05, 2019 18:57:23.271761000 Jerusalem Daylight Time,d8:c4:6a:bd:86:52,b8:55:10:25:bb:14,,,,,,
May-05, 2019 18:57:23.271850000 Jerusalem Daylight Time,,,,,,,,
May-05, 2019 18:57:23.271937000 Jerusalem Daylight Time,d8:c4:6a:bd:86:52,b8:55:10:25:bb:14,,,,,,
May-05, 2019 18:57:23.271987000 Jerusalem Daylight Time,d8:c4:6a:bd:86:52,b8:55:10:25:bb:14,,,,,,
May-05, 2019 18:57:23.272485000 Jerusalem Daylight Time,d8:c4:6a:bd:86:52,b8:55:10:25:bb:14,,,,,,
May-05, 2019 18:57:23.272572000 Jerusalem Daylight Time,,,,,,,,
May-05, 2019 18:57:23.371496000 Jerusalem Daylight Time,b8:55:10:25:bb:14,ff:ff:ff:ff:ff:ff,,,,,,
May-05, 2019 18:57:23.473883000 Jerusalem Daylight Time,b8:55:10:25:bb:14,ff:ff:ff:ff:ff:ff,,,,,,
May-05, 2019 18:57:23.576265000 Jerusalem Daylight Time,b8:55:10:25:bb:14,ff:ff:ff:ff:ff:ff,,,,,,
May-05, 2019 18:57:23.678656000 Jerusalem Daylight Time,b8:55:10:25:bb:14,ff:ff:ff:ff:ff:ff,,,,,,
May-05, 2019 18:57:23.780892000 Jerusalem Daylight Time,b8:55:10:25:bb:14,ff:ff:ff:ff:ff:ff,,,,,,
May-05, 2019 18:57:23.883463000 Jerusalem Daylight Time,b8:55:10:25:bb:14,ff:ff:ff:ff:ff:ff,,,,,,
May-05, 2019 18:57:23.985855000 Jerusalem Daylight Time,b8:55:10:25:bb:14,ff:ff:ff:ff:ff:ff,,,,,,
May-05, 2019 18:57:24.029597000 Jerusalem Daylight Time,,,,,,,,
May-05, 2019 18:57:24.029666000 Jerusalem Daylight Time,,,,,,,,
May-05, 2019 18:57:24.029714000 Jerusalem Daylight Time,d8:c4:6a:bd:86:52,00:1c:10:f7:cd:bc,,,,,,
May-05, 2019 18:57:24.029845000 Jerusalem Daylight Time,,,,,,,,
May-05, 2019 18:57:24.030042000 Jerusalem Daylight Time,d8:c4:6a:bd:86:52,b8:55:10:25:bb:14,,,,,,
May-05, 2019 18:57:24.030112000 Jerusalem Daylight Time,,,,,,,,
May-05, 2019 18:57:24.030315000 Jerusalem Daylight Time,00:1c:10:f7:cd:bc,d8:c4:6a:bd:86:52,,,,,,
May-05, 2019 18:57:24.030780000 Jerusalem Daylight Time,00:1c:10:f7:cd:bc,d8:c4:6a:bd:86:52,,,,,,
May-05, 2019 18:57:24.031382000 Jerusalem Daylight Time,00:1c:10:f7:cd:bc,d8:c4:6a:bd:86:52,,,,,,
May-05, 2019 18:57:24.031977000 Jerusalem Daylight Time,00:1c:10:f7:cd:bc,d8:c4:6a:bd:86:52,,,,,,
May-05, 2019 18:57:24.032399000 Jerusalem Daylight Time,00:1c:10:f7:cd:bc,d8:c4:6a:bd:86:52,,,,,,
May-05, 2019 18:57:24.032691000 Jerusalem Daylight Time,00:1c:10:f7:cd:bc,d8:c4:6a:bd:86:52,,,,,,
May-05, 2019 18:57:24.033207000 Jerusalem Daylight Time,00:1c:10:f7:cd:bc,d8:c4:6a:bd:86:52,,,,,,
May-05, 2019 18:57:24.033293000 Jerusalem Daylight Time,00:1c:10:f7:cd:bc,d8:c4:6a:bd:86:52,,,,,,
May-05, 2019 18:57:24.084948000 Jerusalem Daylight Time,98:fc:11:a1:f7:0f,b8:55:10:25:bb:14,,,,,,
May-05, 2019 18:57:24.085067000 Jerusalem Daylight Time,,,,,,,,
May-05, 2019 18:57:24.088231000 Jerusalem Daylight Time,b8:55:10:25:bb:14,ff:ff:ff:ff:ff:ff,,,,,,
May-05, 2019 18:57:24.190634000 Jerusalem Daylight Time,b8:55:10:25:bb:14,ff:ff:ff:ff:ff:ff,,,,,,
May-05, 2019 18:57:24.234145000 Jerusalem Daylight Time,d8:c4:6a:bd:86:52,b8:55:10:25:bb:14,,,,,,
May-05, 2019 18:57:24.234220000 Jerusalem Daylight Time,d8:c4:6a:bd:86:52,b8:55:10:25:bb:14,,,,,,
May-05, 2019 18:57:24.234267000 Jerusalem Daylight Time,,,,,,,,
May-05, 2019 18:57:24.292877000 Jerusalem Daylight Time,b8:55:10:25:bb:14,ff:ff:ff:ff:ff:ff,,,,,,
May-05, 2019 18:57:24.355366000 Jerusalem Daylight Time,4a:14:00:e5:f7:e8,97:e2:5d:b4:71:d5,,,,,,
May-05, 2019 18:57:24.395445000 Jerusalem Daylight Time,b8:55:10:25:bb:14,ff:ff:ff:ff:ff:ff,,,,,,
May-05, 2019 18:57:24.492164000 Jerusalem Daylight Time,87:df:be:b4:af:db,52:8a:64:4f:72:b8,,,,,,
May-05, 2019 18:57:24.497815000 Jerusalem Daylight Time,b8:55:10:25:bb:14,ff:ff:ff:ff:ff:ff,,,,,,
May-05, 2019 18:57:24.600246000 Jerusalem Daylight Time,b8:55:10:25:bb:14,ff:ff:ff:ff:ff:ff,,,,,,
May-05, 2019 18:57:24.603773000 Jerusalem Daylight Time,,,,,,,,
May-05, 2019 18:57:24.702639000 Jerusalem Daylight Time,b8:55:10:25:bb:14,ff:ff:ff:ff:ff:ff,,,,,,
May-05, 2019 18:57:24.805006000 Jerusalem Daylight Time,b8:55:10:25:bb:14,ff:ff:ff:ff:ff:ff,,,,,,
May-05, 2019 18:57:24.907387000 Jerusalem Daylight Time,b8:55:10:25:bb:14,ff:ff:ff:ff:ff:ff,,,,,,
May-05, 2019 18:57:25.009793000 Jerusalem Daylight Time,b8:55:10:25:bb:14,ff:ff:ff:ff:ff:ff,,,,,,
May-05, 2019 18:57:25.048433000 Jerusalem Daylight Time,88:66:a5:d4:76:3b,ff:ff:ff:ff:ff:ff,,,,,,
May-05, 2019 18:57:25.058671000 Jerusalem Daylight Time,88:66:a5:d4:76:3b,ff:ff:ff:ff:ff:ff,,,,,,
May-05, 2019 18:57:25.113576000 Jerusalem Daylight Time,b8:55:10:25:bb:14,ff:ff:ff:ff:ff:ff,,,,,,
May-05, 2019 18:57:25.207478000 Jerusalem Daylight Time,,,,,,,,
May-05, 2019 18:57:25.207530000 Jerusalem Daylight Time,,,,,,,,
May-05, 2019 18:57:25.207578000 Jerusalem Daylight Time,d8:c4:6a:bd:86:52,ff:ff:ff:ff:ff:ff,,,,,,
May-05, 2019 18:57:25.207658000 Jerusalem Daylight Time,,,,,,,,
May-05, 2019 18:57:25.207755000 Jerusalem Daylight Time,d8:c4:6a:bd:86:52,b8:55:10:25:bb:14,,,,,,
May-05, 2019 18:57:25.207803000 Jerusalem Daylight Time,,,,,,,,
May-05, 2019 18:57:25.208355000 Jerusalem Daylight Time,91:ca:ac:aa:03:00,1c:b5:7c:93:5c:79,,,,,,
May-05, 2019 18:57:25.208424000 Jerusalem Daylight Time,62:62:6a:e0:de:8b,08:06:00:01:08:00,8c:d2:99:fa:08:06,95:fe:cf:01:00:00,,,,
May-05, 2019 18:57:25.209035000 Jerusalem Daylight Time,,,,,,,,
May-05, 2019 18:57:25.209514000 Jerusalem Daylight Time,e6:7d:9e:0b:83:bc,d8:c4:6a:bd:86:3f,,,,,,
May-05, 2019 18:57:25.209793000 Jerusalem Daylight Time,5d:a3:fb:aa:0e:70,d8:c4:6a:bd:86:52,,,,,,
May-05, 2019 18:57:25.210083000 Jerusalem Daylight Time,00:1c:10:f7:cd:bc,d8:c4:6a:bd:86:52,,,,,,
May-05, 2019 18:57:25.210376000 Jerusalem Daylight Time,00:1c:10:f7:cd:bc,d8:c4:6a:bd:86:52,,,,,,
May-05, 2019 18:57:25.210622000 Jerusalem Daylight Time,00:1c:10:f7:cd:bc,d8:c4:6a:bd:86:52,,,,,,
May-05, 2019 18:57:25.214612000 Jerusalem Daylight Time,b8:55:10:25:bb:14,ff:ff:ff:ff:ff:ff,,,,,,
May-05, 2019 18:57:25.316931000 Jerusalem Daylight Time,b8:55:10:25:bb:14,ff:ff:ff:ff:ff:ff,,,,,,
May-05, 2019 18:57:25.317652000 Jerusalem Daylight Time,77:04:7d:11:9b:a6,ff:ff:ff:ff:ff:ff,,,,,,
May-05, 2019 18:57:25.366030000 Jerusalem Daylight Time,,,,,,,,
May-05, 2019 18:57:25.366102000 Jerusalem Daylight Time,,,,,,,,
May-05, 2019 18:57:25.366150000 Jerusalem Daylight Time,d8:c4:6a:bd:86:52,ff:ff:ff:ff:ff:ff,,,,,,
May-05, 2019 18:57:25.366227000 Jerusalem Daylight Time,,,,,,,,
May-05, 2019 18:57:25.366698000 Jerusalem Daylight Time,61:dc:ee:9b:bb:98,55:52:ac:45:d4:01,,,,,,
May-05, 2019 18:57:25.366766000 Jerusalem Daylight Time,,,,,,,,
May-05, 2019 18:57:25.367275000 Jerusalem Daylight Time,,,,,,,,
May-05, 2019 18:57:25.367984000 Jerusalem Daylight Time,a9:66:83:de:b6:0d,fb:31:72:4d:c7:8d,,,,,,
May-05, 2019 18:57:25.368696000 Jerusalem Daylight Time,68:a4:fb:08:65:11,2e:70:fa:5a:4f:12,,,,,,
May-05, 2019 18:57:25.369176000 Jerusalem Daylight Time,,,,,,,,
May-05, 2019 18:57:25.369619000 Jerusalem Daylight Time,00:17:88:77:35:80,d8:c4:6a:bd:86:52,,,,,,
May-05, 2019 18:57:25.369710000 Jerusalem Daylight Time,00:17:88:77:35:80,d8:c4:6a:bd:86:52,,,,,,
May-05, 2019 18:57:25.419391000 Jerusalem Daylight Time,b8:55:10:25:bb:14,ff:ff:ff:ff:ff:ff,,,,,,
May-05, 2019 18:57:25.419532000 Jerusalem Daylight Time,d8:c4:6a:bd:86:52,b8:55:10:25:bb:14,,,,,,
May-05, 2019 18:57:25.419605000 Jerusalem Daylight Time,,,,,,,,
May-05, 2019 18:57:25.420239000 Jerusalem Daylight Time,d8:c4:6a:bd:86:52,ff:ff:ff:ff:ff:ff,,,,,,
May-05, 2019 18:57:25.516872000 Jerusalem Daylight Time,d8:c4:6a:bd:86:52,b8:55:10:25:bb:14,,,,,,
May-05, 2019 18:57:25.516946000 Jerusalem Daylight Time,d8:c4:6a:bd:86:52,b8:55:10:25:bb:14,,,,,,
May-05, 2019 18:57:25.516991000 Jerusalem Daylight Time,d8:c4:6a:bd:86:52,b8:55:10:25:bb:14,,,,,,
May-05, 2019 18:57:25.517685000 Jerusalem Daylight Time,d8:c4:6a:bd:86:52,b8:55:10:25:bb:14,,,,,,
May-05, 2019 18:57:25.518425000 Jerusalem Daylight Time,d8:c4:6a:bd:86:52,b8:55:10:25:bb:14,,,,,,
May-05, 2019 18:57:25.518500000 Jerusalem Daylight Time,,,,,,,,
May-05, 2019 18:57:25.521844000 Jerusalem Daylight Time,b8:55:10:25:bb:14,ff:ff:ff:ff:ff:ff,,,,,,
May-05, 2019 18:57:25.602985000 Jerusalem Daylight Time,d8:c4:6a:bd:86:52,b8:55:10:25:bb:14,,,,,,
May-05, 2019 18:57:25.603072000 Jerusalem Daylight Time,,,,,,,,
May-05, 2019 18:57:25.603156000 Jerusalem Daylight Time,d8:c4:6a:bd:86:52,b8:55:10:25:bb:14,,,,,,
May-05, 2019 18:57:25.603205000 Jerusalem Daylight Time,,,,,,,,
May-05, 2019 18:57:25.624183000 Jerusalem Daylight Time,b8:55:10:25:bb:14,ff:ff:ff:ff:ff:ff,,,,,,
May-05, 2019 18:57:25.726589000 Jerusalem Daylight Time,b8:55:10:25:bb:14,ff:ff:ff:ff:ff:ff,,,,,,
May-05, 2019 18:57:25.828967000 Jerusalem Daylight Time,b8:55:10:25:bb:14,ff:ff:ff:ff:ff:ff,,,,,,
May-05, 2019 18:57:25.931367000 Jerusalem Daylight Time,b8:55:10:25:bb:14,ff:ff:ff:ff:ff:ff,,,,,,
May-05, 2019 18:57:26.136166000 Jerusalem Daylight Time,b8:55:10:25:bb:14,ff:ff:ff:ff:ff:ff,,,,,,
May-05, 2019 18:57:26.201629000 Jerusalem Daylight Time,,,,,,,,
May-05, 2019 18:57:26.201681000 Jerusalem Daylight Time,,,,,,,,
May-05, 2019 18:57:26.201729000 Jerusalem Daylight Time,d8:c4:6a:bd:86:52,ff:ff:ff:ff:ff:ff,,,,,,
May-05, 2019 18:57:26.201857000 Jerusalem Daylight Time,,,,,,,,
May-05, 2019 18:57:26.201904000 Jerusalem Daylight Time,,,,,,,,
May-05, 2019 18:57:26.201951000 Jerusalem Daylight Time,d8:c4:6a:bd:86:52,ff:ff:ff:ff:ff:ff,,,,,,
May-05, 2019 18:57:26.202027000 Jerusalem Daylight Time,,,,,,,,
May-05, 2019 18:57:26.203017000 Jerusalem Daylight Time,00:1c:10:f7:cd:bc,d8:c4:6a:bd:86:52,,,,,,
May-05, 2019 18:57:26.203084000 Jerusalem Daylight Time,8e:55:10:25:bb:14,00:1c:10:f7:cd:3c,,,,,,
May-05, 2019 18:57:26.203164000 Jerusalem Daylight Time,00:1c:10:f7:cd:bc,d8:c4:6a:bd:86:52,,,,,,
May-05, 2019 18:57:26.204008000 Jerusalem Daylight Time,,,,,,,,
May-05, 2019 18:57:26.204075000 Jerusalem Daylight Time,00:1c:10:f7:cd:bc,d8:c4:6a:bd:86:52,,,,,,
May-05, 2019 18:57:26.204500000 Jerusalem Daylight Time,00:1c:10:f7:cd:bc,d8:c4:6a:bd:86:52,,,,,,
May-05, 2019 18:57:26.204824000 Jerusalem Daylight Time,00:1c:10:f7:cd:bc,d8:c4:6a:bd:86:52,,,,,,
May-05, 2019 18:57:26.205641000 Jerusalem Daylight Time,00:1c:10:f7:cd:bc,d8:c4:6a:bd:86:52,,,,,,
May-05, 2019 18:57:26.206709000 Jerusalem Daylight Time,,,,,,,,
May-05, 2019 18:57:26.206781000 Jerusalem Daylight Time,,,,,,,,
May-05, 2019 18:57:26.222157000 Jerusalem Daylight Time,,,,,,,,
May-05, 2019 18:57:26.235216000 Jerusalem Daylight Time,,,,,,,,
May-05, 2019 18:57:26.235322000 Jerusalem Daylight Time,,,,,,,,
May-05, 2019 18:57:26.238570000 Jerusalem Daylight Time,b8:55:10:25:bb:14,ff:ff:ff:ff:ff:ff,,,,,,
May-05, 2019 18:57:26.239310000 Jerusalem Daylight Time,d8:c4:6a:bd:86:52,ff:ff:ff:ff:ff:ff,,,,,,
May-05, 2019 18:57:26.247820000 Jerusalem Daylight Time,d8:c4:6a:bd:86:52,b8:55:10:25:bb:14,,,,,,
May-05, 2019 18:57:26.247907000 Jerusalem Daylight Time,,,,,,,,
May-05, 2019 18:57:26.253407000 Jerusalem Daylight Time,d8:c4:6a:bd:86:52,b8:55:10:25:bb:14,,,,,,
May-05, 2019 18:57:26.253485000 Jerusalem Daylight Time,,,,,,,,
May-05, 2019 18:57:26.253533000 Jerusalem Daylight Time,d8:c4:6a:bd:86:52,b8:55:10:25:bb:14,,,,,,
May-05, 2019 18:57:26.253581000 Jerusalem Daylight Time,,,,,,,,
May-05, 2019 18:57:26.254485000 Jerusalem Daylight Time,,,,,,,,
May-05, 2019 18:57:26.254536000 Jerusalem Daylight Time,,,,,,,,
May-05, 2019 18:57:26.254584000 Jerusalem Daylight Time,d8:c4:6a:bd:86:52,ff:ff:ff:ff:ff:ff,,,,,,
May-05, 2019 18:57:26.254657000 Jerusalem Daylight Time,,,,,,,,
May-05, 2019 18:57:26.340943000 Jerusalem Daylight Time,b8:55:10:25:bb:14,ff:ff:ff:ff:ff:ff,,,,,,
May-05, 2019 18:57:26.365713000 Jerusalem Daylight Time,,,,,,,,
May-05, 2019 18:57:26.365785000 Jerusalem Daylight Time,,,,,,,,
May-05, 2019 18:57:26.365833000 Jerusalem Daylight Time,d8:c4:6a:bd:86:52,ff:ff:ff:ff:ff:ff,,,,,,
May-05, 2019 18:57:26.365910000 Jerusalem Daylight Time,,,,,,,,
May-05, 2019 18:57:26.366359000 Jerusalem Daylight Time,00:17:88:77:35:7c,4b:1d:2a:9f:d8:fe,e1:96:b3:a1:df:4e,1e:ef:6b:23:a1:62,,,,
May-05, 2019 18:57:26.366612000 Jerusalem Daylight Time,00:17:88:77:35:80,d8:c4:6a:bd:86:52,,,,,,
May-05, 2019 18:57:26.367117000 Jerusalem Daylight Time,00:17:88:77:35:80,d8:c4:6a:bd:86:52,,,,,,
May-05, 2019 18:57:26.367197000 Jerusalem Daylight Time,54:db:67:6d:d3:c8,d8:c4:ea:44:5b:77,,,,,,
May-05, 2019 18:57:26.367872000 Jerusalem Daylight Time,14:dc:fe:d8:0b:b9,23:86:f0:6a:d2:d6,,,,,,
May-05, 2019 18:57:26.368383000 Jerusalem Daylight Time,00:17:88:77:35:80,d8:c4:6a:bd:86:52,,,,,,
May-05, 2019 18:57:26.369130000 Jerusalem Daylight Time,00:17:88:77:35:80,d8:c4:6a:bd:86:52,,,,,,
May-05, 2019 18:57:26.369217000 Jerusalem Daylight Time,,,,,,,,
May-05, 2019 18:57:26.443359000 Jerusalem Daylight Time,b8:55:10:25:bb:14,ff:ff:ff:ff:ff:ff,,,,,,
May-05, 2019 18:57:26.444103000 Jerusalem Daylight Time,d8:c4:6a:bd:86:52,ff:ff:ff:ff:ff:ff,,,,,,
May-05, 2019 18:57:26.545766000 Jerusalem Daylight Time,b8:55:10:25:bb:14,ff:ff:ff:ff:ff:ff,,,,,,
May-05, 2019 18:57:26.576566000 Jerusalem Daylight Time,d8:c4:6a:bd:86:52,b8:55:10:25:bb:14,,,,,,
May-05, 2019 18:57:26.648182000 Jerusalem Daylight Time,b8:55:10:25:bb:14,ff:ff:ff:ff:ff:ff,,,,,,
May-05, 2019 18:57:26.675397000 Jerusalem Daylight Time,d8:c4:6a:bd:86:52,b8:55:10:25:bb:14,,,,,,
May-05, 2019 18:57:26.675473000 Jerusalem Daylight Time,,,,,,,,
May-05, 2019 18:57:26.675555000 Jerusalem Daylight Time,d8:c4:6a:bd:86:52,b8:55:10:25:bb:14,,,,,,
May-05, 2019 18:57:26.675629000 Jerusalem Daylight Time,,,,,,,,
May-05, 2019 18:57:26.699229000 Jerusalem Daylight Time,d8:c4:6a:bd:86:52,b8:55:10:25:bb:14,,,,,,
May-05, 2019 18:57:26.699348000 Jerusalem Daylight Time,,,,,,,,
May-05, 2019 18:57:26.721997000 Jerusalem Daylight Time,d8:c4:6a:bd:86:52,b8:55:10:25:bb:14,,,,,,
May-05, 2019 18:57:26.722084000 Jerusalem Daylight Time,,,,,,,,
May-05, 2019 18:57:26.732676000 Jerusalem Daylight Time,6c:fd:b9:4f:70:0b,b8:55:10:25:bb:14,,,,,,
May-05, 2019 18:57:26.732796000 Jerusalem Daylight Time,,,,,,,,
May-05, 2019 18:57:26.750540000 Jerusalem Daylight Time,b8:55:10:25:bb:14,ff:ff:ff:ff:ff:ff,,,,,,
May-05, 2019 18:57:26.852961000 Jerusalem Daylight Time,b8:55:10:25:bb:14,ff:ff:ff:ff:ff:ff,,,,,,
May-05, 2019 18:57:26.862757000 Jerusalem Daylight Time,,,,,,,,
May-05, 2019 18:57:26.862824000 Jerusalem Daylight Time,,,,,,,,
May-05, 2019 18:57:26.862873000 Jerusalem Daylight Time,,,,,,,,
May-05, 2019 18:57:26.881289000 Jerusalem Daylight Time,d8:c4:6a:bd:86:52,b8:55:10:25:bb:14,,,,,,
May-05, 2019 18:57:26.927213000 Jerusalem Daylight Time,00:1c:10:f7:cd:bc,f4:0f:24:37:5b:39,216.58.210.3,192.168.1.122,443,64749,,
May-05, 2019 18:57:26.955344000 Jerusalem Daylight Time,b8:55:10:25:bb:14,ff:ff:ff:ff:ff:ff,,,,,,
May-05, 2019 18:57:26.978288000 Jerusalem Daylight Time,,,,,,,,
May-05, 2019 18:57:27.057728000 Jerusalem Daylight Time,b8:55:10:25:bb:14,ff:ff:ff:ff:ff:ff,,,,,,
May-05, 2019 18:57:27.134657000 Jerusalem Daylight Time,,,,,,,,
May-05, 2019 18:57:27.160147000 Jerusalem Daylight Time,b8:55:10:25:bb:14,ff:ff:ff:ff:ff:ff,,,,,,
May-05, 2019 18:57:27.201072000 Jerusalem Daylight Time,,,,,,,,
May-05, 2019 18:57:27.201124000 Jerusalem Daylight Time,,,,,,,,
May-05, 2019 18:57:27.201171000 Jerusalem Daylight Time,,,,,,,,
May-05, 2019 18:57:27.201219000 Jerusalem Daylight Time,d8:c4:6a:bd:86:52,ff:ff:ff:ff:ff:ff,,,,,,
May-05, 2019 18:57:27.201348000 Jerusalem Daylight Time,,,,,,,,
May-05, 2019 18:57:27.201395000 Jerusalem Daylight Time,,,,,,,,
May-05, 2019 18:57:27.201470000 Jerusalem Daylight Time,,,,,,,,
May-05, 2019 18:57:27.201517000 Jerusalem Daylight Time,,,,,,,,
May-05, 2019 18:57:27.201592000 Jerusalem Daylight Time,d8:c4:6a:bd:86:52,ff:ff:ff:ff:ff:ff,,,,,,
May-05, 2019 18:57:27.201709000 Jerusalem Daylight Time,,,,,,,,
May-05, 2019 18:57:27.202147000 Jerusalem Daylight Time,d8:c4:6a:bd:86:52,b8:55:10:25:bb:14,,,,,,
May-05, 2019 18:57:27.202228000 Jerusalem Daylight Time,d8:c4:6a:bd:86:52,b8:55:10:25:bb:14,,,,,,
May-05, 2019 18:57:27.202273000 Jerusalem Daylight Time,,,,,,,,
May-05, 2019 18:57:27.203139000 Jerusalem Daylight Time,b8:55:10:25:bb:14,d8:c4:6a:bd:86:52,,,,,,
May-05, 2019 18:57:27.203206000 Jerusalem Daylight Time,,,,,,,,
May-05, 2019 18:57:27.203992000 Jerusalem Daylight Time,d8:c4:6a:bd:86:52,b8:55:10:25:bb:14,,,,,,
May-05, 2019 18:57:27.204936000 Jerusalem Daylight Time,d8:c4:6a:bd:86:52,b8:55:10:25:bb:14,,,,,,
May-05, 2019 18:57:27.205003000 Jerusalem Daylight Time,,,,,,,,
May-05, 2019 18:57:27.205077000 Jerusalem Daylight Time,,,,,,,,
May-05, 2019 18:57:27.205122000 Jerusalem Daylight Time,,,,,,,,
May-05, 2019 18:57:27.205193000 Jerusalem Daylight Time,d8:c4:6a:bd:86:52,00:17:88:77:35:80,192.168.1.112,192.168.1.119,46142,443,,
May-05, 2019 18:57:27.205305000 Jerusalem Daylight Time,,,,,,,,
May-05, 2019 18:57:27.206788000 Jerusalem Daylight Time,00:1c:10:f7:cd:bc,d8:c4:6a:bd:86:52,,,,,,
May-05, 2019 18:57:27.206870000 Jerusalem Daylight Time,,,,,,,,
May-05, 2019 18:57:27.208060000 Jerusalem Daylight Time,00:17:88:77:35:80,d8:c4:6a:bd:86:52,192.168.1.119,192.168.1.112,443,46142,,
May-05, 2019 18:57:27.208142000 Jerusalem Daylight Time,,,,,,,,
May-05, 2019 18:57:27.208232000 Jerusalem Daylight Time,,,,,,,,
May-05, 2019 18:57:27.208277000 Jerusalem Daylight Time,,,,,,,,
May-05, 2019 18:57:27.208350000 Jerusalem Daylight Time,d8:c4:6a:bd:86:52,00:1c:10:f7:cd:bc,192.168.1.112,213.57.2.5,,,3508,53
May-05, 2019 18:57:27.208397000 Jerusalem Daylight Time,d8:c4:6a:bd:86:52,00:1c:10:f7:cd:bc,192.168.1.112,213.57.2.5,,,26261,53
May-05, 2019 18:57:27.208441000 Jerusalem Daylight Time,d8:c4:6a:bd:86:52,00:1c:10:f7:cd:bc,192.168.1.112,213.57.2.5,,,17717,53
May-05, 2019 18:57:27.208516000 Jerusalem Daylight Time,,,,,,,,
May-05, 2019 18:57:27.209379000 Jerusalem Daylight Time,,,,,,,,
May-05, 2019 18:57:27.209446000 Jerusalem Daylight Time,,,,,,,,
May-05, 2019 18:57:27.209491000 Jerusalem Daylight Time,d8:c4:6a:bd:86:52,00:17:88:77:35:80,192.168.1.112,192.168.1.119,46142,443,,
May-05, 2019 18:57:27.209545000 Jerusalem Daylight Time,,,,,,,,
May-05, 2019 18:57:27.212732000 Jerusalem Daylight Time,,,,,,,,
May-05, 2019 18:57:27.212784000 Jerusalem Daylight Time,,,,,,,,
May-05, 2019 18:57:27.212832000 Jerusalem Daylight Time,d8:c4:6a:bd:86:52,00:17:88:77:35:80,192.168.1.112,192.168.1.119,46142,443,,
May-05, 2019 18:57:27.212913000 Jerusalem Daylight Time,,,,,,,,
May-05, 2019 18:57:27.214244000 Jerusalem Daylight Time,00:17:88:77:35:80,d8:c4:6a:bd:86:52,192.168.1.119,192.168.1.112,443,46142,,
May-05, 2019 18:57:27.214337000 Jerusalem Daylight Time,,,,,,,,
May-05, 2019 18:57:27.217393000 Jerusalem Daylight Time,00:17:88:77:35:80,d8:c4:6a:bd:86:52,192.168.1.119,192.168.1.112,443,46142,,
May-05, 2019 18:57:27.217483000 Jerusalem Daylight Time,,,,,,,,
May-05, 2019 18:57:27.219663000 Jerusalem Daylight Time,,,,,,,,
May-05, 2019 18:57:27.219736000 Jerusalem Daylight Time,,,,,,,,
May-05, 2019 18:57:27.219783000 Jerusalem Daylight Time,d8:c4:6a:bd:86:52,00:17:88:77:35:80,192.168.1.112,192.168.1.119,46142,443,,
May-05, 2019 18:57:27.219860000 Jerusalem Daylight Time,,,,,,,,
May-05, 2019 18:57:27.219907000 Jerusalem Daylight Time,,,,,,,,
May-05, 2019 18:57:27.220004000 Jerusalem Daylight Time,d8:c4:6a:bd:86:52,00:17:88:77:35:80,192.168.1.112,192.168.1.119,46142,443,,
May-05, 2019 18:57:27.220052000 Jerusalem Daylight Time,,,,,,,,
May-05, 2019 18:57:27.220099000 Jerusalem Daylight Time,,,,,,,,
May-05, 2019 18:57:27.220145000 Jerusalem Daylight Time,d8:c4:6a:bd:86:52,00:17:88:77:35:80,192.168.1.112,192.168.1.119,46142,443,,
May-05, 2019 18:57:27.220222000 Jerusalem Daylight Time,d8:c4:6a:bd:86:52,00:17:88:77:35:80,192.168.1.112,192.168.1.119,46142,443,,
May-05, 2019 18:57:27.220310000 Jerusalem Daylight Time,,,,,,,,
May-05, 2019 18:57:27.221806000 Jerusalem Daylight Time,,,,,,,,
May-05, 2019 18:57:27.221873000 Jerusalem Daylight Time,,,,,,,,
May-05, 2019 18:57:27.221917000 Jerusalem Daylight Time,d8:c4:6a:bd:86:52,00:17:88:77:35:80,192.168.1.112,192.168.1.119,46142,443,,
May-05, 2019 18:57:27.221971000 Jerusalem Daylight Time,,,,,,,,
May-05, 2019 18:57:27.222015000 Jerusalem Daylight Time,,,,,,,,
May-05, 2019 18:57:27.222104000 Jerusalem Daylight Time,d8:c4:6a:bd:86:52,00:17:88:77:35:80,192.168.1.112,192.168.1.119,46142,443,,
May-05, 2019 18:57:27.222149000 Jerusalem Daylight Time,,,,,,,,
May-05, 2019 18:57:27.222194000 Jerusalem Daylight Time,,,,,,,,
May-05, 2019 18:57:27.222476000 Jerusalem Daylight Time,d8:c4:6a:bd:86:52,00:17:88:77:35:80,192.168.1.112,192.168.1.119,46142,443,,
May-05, 2019 18:57:27.222550000 Jerusalem Daylight Time,,,,,,,,
May-05, 2019 18:57:27.224154000 Jerusalem Daylight Time,00:17:88:77:35:80,d8:c4:6a:bd:86:52,192.168.1.119,192.168.1.112,443,46142,,
May-05, 2019 18:57:27.224228000 Jerusalem Daylight Time,,,,,,,,
May-05, 2019 18:57:27.233090000 Jerusalem Daylight Time,00:1c:10:f7:cd:bc,d8:c4:6a:bd:86:52,213.57.2.5,192.168.1.112,,,53,17717
May-05, 2019 18:57:27.233182000 Jerusalem Daylight Time,,,,,,,,
May-05, 2019 18:57:27.238274000 Jerusalem Daylight Time,00:1c:10:f7:cd:bc,d8:c4:6a:bd:86:52,93.188.251.8,115.219.49.199,,,,
May-05, 2019 18:57:27.238342000 Jerusalem Daylight Time,,,,,,,,
May-05, 2019 18:57:27.252712000 Jerusalem Daylight Time,00:17:88:77:35:80,d8:c4:6a:bd:86:52,192.168.1.119,192.168.1.112,443,46142,,
May-05, 2019 18:57:27.252779000 Jerusalem Daylight Time,,,,,,,,
May-05, 2019 18:57:27.252862000 Jerusalem Daylight Time,,,,,,,,
May-05, 2019 18:57:27.253283000 Jerusalem Daylight Time,,,,,,,,
May-05, 2019 18:57:27.253763000 Jerusalem Daylight Time,,,,,,,,
May-05, 2019 18:57:27.254838000 Jerusalem Daylight Time,,,,,,,,
May-05, 2019 18:57:27.255357000 Jerusalem Daylight Time,,,,,,,,
May-05, 2019 18:57:27.261575000 Jerusalem Daylight Time,00:17:88:77:35:80,d8:c4:6a:bd:86:52,192.168.1.119,192.168.1.112,443,46142,,
May-05, 2019 18:57:27.261666000 Jerusalem Daylight Time,,,,,,,,
May-05, 2019 18:57:27.264571000 Jerusalem Daylight Time,b8:55:10:25:bb:14,ff:ff:ff:ff:ff:ff,,,,,,
May-05, 2019 18:57:27.265331000 Jerusalem Daylight Time,d8:c4:6a:bd:86:52,ff:ff:ff:ff:ff:ff,,,,,,
May-05, 2019 18:57:27.266512000 Jerusalem Daylight Time,00:17:88:77:35:80,d8:c4:6a:bd:86:52,192.168.1.119,192.168.1.112,443,46142,,
May-05, 2019 18:57:27.266579000 Jerusalem Daylight Time,,,,,,,,
May-05, 2019 18:57:27.268369000 Jerusalem Daylight Time,00:17:88:77:35:80,d8:c4:6a:bd:86:52,192.168.1.119,192.168.1.112,443,46142,,
May-05, 2019 18:57:27.268463000 Jerusalem Daylight Time,,,,,,,,
May-05, 2019 18:57:27.269112000 Jerusalem Daylight Time,,,,,,,,
May-05, 2019 18:57:27.277125000 Jerusalem Daylight Time,,,,,,,,
May-05, 2019 18:57:27.277194000 Jerusalem Daylight Time,,,,,,,,
May-05, 2019 18:57:27.277879000 Jerusalem Daylight Time,d8:c4:6a:bd:86:52,00:1c:10:f7:cd:bc,192.168.1.112,192.168.1.1,,,,
May-05, 2019 18:57:27.277971000 Jerusalem Daylight Time,d8:c4:6a:bd:86:52,00:1c:10:f7:cd:bc,192.168.1.112,172.217.21.234,33040,443,,
May-05, 2019 18:57:27.278021000 Jerusalem Daylight Time,,,,,,,,
May-05, 2019 18:57:27.278692000 Jerusalem Daylight Time,d8:c4:6a:bd:86:52,00:1c:10:f7:cd:bc,192.168.1.112,192.168.1.1,,,,
May-05, 2019 18:57:27.278785000 Jerusalem Daylight Time,,,,,,,,
May-05, 2019 18:57:27.278994000 Jerusalem Daylight Time,,,,,,,,
May-05, 2019 18:57:27.279063000 Jerusalem Daylight Time,,,,,,,,
May-05, 2019 18:57:27.279111000 Jerusalem Daylight Time,,,,,,,,
May-05, 2019 18:57:27.279194000 Jerusalem Daylight Time,d8:c4:6a:bd:86:52,00:17:88:77:35:80,192.168.1.112,192.168.1.119,46142,443,,
May-05, 2019 18:57:27.279271000 Jerusalem Daylight Time,d8:c4:6a:bd:86:52,00:17:88:77:35:80,192.168.1.112,192.168.1.119,46142,443,,
May-05, 2019 18:57:27.279369000 Jerusalem Daylight Time,,,,,,,,
May-05, 2019 18:57:27.279461000 Jerusalem Daylight Time,,,,,,,,
May-05, 2019 18:57:27.279507000 Jerusalem Daylight Time,d8:c4:6a:bd:86:52,00:17:88:77:35:80,192.168.1.112,192.168.1.119,46142,443,,
May-05, 2019 18:57:27.279555000 Jerusalem Daylight Time,d8:c4:6a:bd:86:52,00:17:88:77:35:80,192.168.1.112,192.168.1.119,46142,443,,
May-05, 2019 18:57:27.279605000 Jerusalem Daylight Time,,,,,,,,
May-05, 2019 18:57:27.279683000 Jerusalem Daylight Time,,,,,,,,
May-05, 2019 18:57:27.279728000 Jerusalem Daylight Time,d8:c4:6a:bd:86:52,00:17:88:77:35:80,192.168.1.112,192.168.1.119,46142,443,,
May-05, 2019 18:57:27.279774000 Jerusalem Daylight Time,d8:c4:6a:bd:86:52,00:17:88:77:35:80,192.168.1.112,192.168.1.119,46142,443,,
May-05, 2019 18:57:27.279847000 Jerusalem Daylight Time,,,,,,,,
May-05, 2019 18:57:27.282664000 Jerusalem Daylight Time,00:1c:10:f7:cd:bc,d8:c4:6a:bd:86:52,192.168.1.1,192.168.1.112,,,,
May-05, 2019 18:57:27.282864000 Jerusalem Daylight Time,,,,,,,,
May-05, 2019 18:57:27.283679000 Jerusalem Daylight Time,00:1c:10:f7:cd:bc,d8:c4:6a:bd:86:52,213.57.2.5,192.168.1.112,,,53,3508
May-05, 2019 18:57:27.283888000 Jerusalem Daylight Time,,,,,,,,
May-05, 2019 18:57:27.288437000 Jerusalem Daylight Time,,,,,,,,
May-05, 2019 18:57:27.288481000 Jerusalem Daylight Time,,,,,,,,
May-05, 2019 18:57:27.288525000 Jerusalem Daylight Time,d8:c4:6a:bd:86:52,00:1c:10:f7:cd:bc,192.168.1.112,151.101.17.208,42156,443,,
May-05, 2019 18:57:27.288602000 Jerusalem Daylight Time,,,,,,,,
May-05, 2019 18:57:27.288645000 Jerusalem Daylight Time,,,,,,,,
May-05, 2019 18:57:27.288784000 Jerusalem Daylight Time,d8:c4:6a:bd:86:52,00:1c:10:f7:cd:bc,192.168.1.112,151.101.17.208,42156,443,,
May-05, 2019 18:57:27.288830000 Jerusalem Daylight Time,,,,,,,,
May-05, 2019 18:57:27.288897000 Jerusalem Daylight Time,,,,,,,,
May-05, 2019 18:57:27.288939000 Jerusalem Daylight Time,d8:c4:6a:bd:86:52,00:1c:10:f7:cd:bc,192.168.1.112,151.101.17.208,42156,443,,
May-05, 2019 18:57:27.289024000 Jerusalem Daylight Time,,,,,,,,
May-05, 2019 18:57:27.329691000 Jerusalem Daylight Time,00:1c:10:f7:cd:bc,6c:fd:b9:4f:70:0b,192.168.1.1,192.168.1.151,,,53,2058
May-05, 2019 18:57:27.329765000 Jerusalem Daylight Time,,,,,,,,
May-05, 2019 18:57:27.334460000 Jerusalem Daylight Time,fd:c4:b9:4f:70:0b,00:1c:10:f7:cd:bc,192.168.1.151,213.57.2.5,,,2058,53
May-05, 2019 18:57:27.334559000 Jerusalem Daylight Time,,,,,,,,
May-05, 2019 18:57:27.347463000 Jerusalem Daylight Time,00:1c:10:f7:cd:bc,d8:c4:6a:bd:86:52,172.217.21.234,192.168.1.112,443,33040,,
May-05, 2019 18:57:27.347601000 Jerusalem Daylight Time,,,,,,,,
May-05, 2019 18:57:27.349099000 Jerusalem Daylight Time,,,,,,,,
May-05, 2019 18:57:27.349170000 Jerusalem Daylight Time,,,,,,,,
May-05, 2019 18:57:27.349697000 Jerusalem Daylight Time,,,,,,,,
May-05, 2019 18:57:27.349742000 Jerusalem Daylight Time,,,,,,,,
May-05, 2019 18:57:27.350557000 Jerusalem Daylight Time,,,,,,,,
May-05, 2019 18:57:27.350602000 Jerusalem Daylight Time,,,,,,,,
May-05, 2019 18:57:27.350648000 Jerusalem Daylight Time,d8:c4:6a:bd:86:52,00:1c:10:f7:cd:bc,192.168.1.112,172.217.21.234,33040,443,,
May-05, 2019 18:57:27.350719000 Jerusalem Daylight Time,,,,,,,,
May-05, 2019 18:57:27.351200000 Jerusalem Daylight Time,00:1c:10:f7:cd:bc,6c:fd:b9:4f:70:0b,213.57.2.5,192.168.1.151,,,53,2058
May-05, 2019 18:57:27.351247000 Jerusalem Daylight Time,,,,,,,,
May-05, 2019 18:57:27.354330000 Jerusalem Daylight Time,,,,,,,,
May-05, 2019 18:57:27.354396000 Jerusalem Daylight Time,,,,,,,,
May-05, 2019 18:57:27.354438000 Jerusalem Daylight Time,d8:c4:6a:bd:86:52,00:1c:10:f7:cd:bc,192.168.1.112,172.217.21.234,33040,443,,
May-05, 2019 18:57:27.354543000 Jerusalem Daylight Time,,,,,,,,
May-05, 2019 18:57:27.354586000 Jerusalem Daylight Time,,,,,,,,
May-05, 2019 18:57:27.354651000 Jerusalem Daylight Time,,,,,,,,
May-05, 2019 18:57:27.355037000 Jerusalem Daylight Time,d8:c4:6a:bd:86:52,00:1c:10:f7:cd:bc,192.168.1.112,172.217.21.234,33040,443,,
May-05, 2019 18:57:27.355104000 Jerusalem Daylight Time,,,,,,,,
May-05, 2019 18:57:27.355500000 Jerusalem Daylight Time,00:1c:10:f7:cd:bc,d8:c4:6a:bd:86:52,151.101.17.208,192.168.1.112,443,42156,,
May-05, 2019 18:57:27.355550000 Jerusalem Daylight Time,,,,,,,,
May-05, 2019 18:57:27.355789000 Jerusalem Daylight Time,6c:fd:b9:4f:70:0b,00:1c:10:f7:cd:bc,192.168.1.151,192.168.1.1,,,2058,53
May-05, 2019 18:57:27.355836000 Jerusalem Daylight Time,,,,,,,,
May-05, 2019 18:57:27.356020000 Jerusalem Daylight Time,,,,,,,,
May-05, 2019 18:57:27.356064000 Jerusalem Daylight Time,,,,,,,,
May-05, 2019 18:57:27.356276000 Jerusalem Daylight Time,d8:c4:6a:bd:86:52,00:1c:10:f7:cd:bc,192.168.1.112,172.217.21.234,33040,443,,
May-05, 2019 18:57:27.356322000 Jerusalem Daylight Time,,,,,,,,
May-05, 2019 18:57:27.357313000 Jerusalem Daylight Time,,,,,,,,
May-05, 2019 18:57:27.357379000 Jerusalem Daylight Time,,,,,,,,
May-05, 2019 18:57:27.357422000 Jerusalem Daylight Time,,,,,,,,
May-05, 2019 18:57:27.357493000 Jerusalem Daylight Time,d8:c4:6a:bd:86:52,00:1c:10:f7:cd:bc,192.168.1.112,151.101.17.208,42156,443,,
May-05, 2019 18:57:27.357543000 Jerusalem Daylight Time,,,,,,,,
May-05, 2019 18:57:27.357626000 Jerusalem Daylight Time,,,,,,,,
May-05, 2019 18:57:27.357669000 Jerusalem Daylight Time,d8:c4:6a:bd:86:52,00:1c:10:f7:cd:bc,192.168.1.112,151.101.17.208,42156,443,,
May-05, 2019 18:57:27.357737000 Jerusalem Daylight Time,,,,,,,,
May-05, 2019 18:57:27.357971000 Jerusalem Daylight Time,,,,,,,,
May-05, 2019 18:57:27.358015000 Jerusalem Daylight Time,d8:c4:6a:bd:86:52,00:1c:10:f7:cd:bc,192.168.1.112,151.101.17.208,42156,443,,
May-05, 2019 18:57:27.358060000 Jerusalem Daylight Time,,,,,,,,
May-05, 2019 18:57:27.361420000 Jerusalem Daylight Time,,,,,,,,
May-05, 2019 18:57:27.361487000 Jerusalem Daylight Time,,,,,,,,
May-05, 2019 18:57:27.361532000 Jerusalem Daylight Time,d8:c4:6a:bd:86:52,00:1c:10:f7:cd:bc,192.168.1.112,151.101.17.208,42156,443,,
May-05, 2019 18:57:27.361586000 Jerusalem Daylight Time,,,,,,,,
May-05, 2019 18:57:27.361631000 Jerusalem Daylight Time,,,,,,,,
May-05, 2019 18:57:27.361744000 Jerusalem Daylight Time,d8:c4:6a:bd:86:52,00:1c:10:f7:cd:bc,192.168.1.112,151.101.17.208,42156,443,,
May-05, 2019 18:57:27.361790000 Jerusalem Daylight Time,,,,,,,,
May-05, 2019 18:57:27.361836000 Jerusalem Daylight Time,,,,,,,,
May-05, 2019 18:57:27.362039000 Jerusalem Daylight Time,d8:c4:6a:bd:86:52,00:1c:10:f7:cd:bc,192.168.1.112,151.101.17.208,42156,443,,
May-05, 2019 18:57:27.362109000 Jerusalem Daylight Time,,,,,,,,
May-05, 2019 18:57:27.369394000 Jerusalem Daylight Time,00:1c:10:f7:cd:bc,6c:fd:b9:4f:70:0b,192.168.1.1,192.168.1.151,,,53,2058
May-05, 2019 18:57:27.369484000 Jerusalem Daylight Time,,,,,,,,
May-05, 2019 18:57:27.373271000 Jerusalem Daylight Time,6c:fd:b9:4f:70:0b,00:1c:10:f7:cd:bc,192.168.209.141,140.6.163.176,,,28808,35388
May-05, 2019 18:57:27.373338000 Jerusalem Daylight Time,,,,,,,,
May-05, 2019 18:57:27.391117000 Jerusalem Daylight Time,00:1c:10:f7:cd:bc,6c:fd:b9:4f:70:0b,213.57.2.5,192.168.1.151,,,53,2058
May-05, 2019 18:57:27.391209000 Jerusalem Daylight Time,,,,,,,,
May-05, 2019 18:57:27.395579000 Jerusalem Daylight Time,,,,,,,,
May-05, 2019 18:57:27.407772000 Jerusalem Daylight Time,00:1c:10:f7:cd:bc,6c:fd:b9:4f:70:0b,192.168.1.1,192.168.1.151,,,53,2058
May-05, 2019 18:57:27.407864000 Jerusalem Daylight Time,,,,,,,,
May-05, 2019 18:57:27.411377000 Jerusalem Daylight Time,d7:fe:b9:4f:70:0b,00:1c:10:f7:cd:bc,,,,,,
May-05, 2019 18:57:27.411445000 Jerusalem Daylight Time,,,,,,,,
May-05, 2019 18:57:27.427566000 Jerusalem Daylight Time,00:1c:10:f7:cd:bc,6c:fd:b9:4f:70:0b,213.57.2.5,192.168.1.151,,,53,2058
May-05, 2019 18:57:27.427657000 Jerusalem Daylight Time,,,,,,,,
May-05, 2019 18:57:27.432155000 Jerusalem Daylight Time,6c:fd:b9:4f:70:0b,00:1c:10:f7:cd:bc,192.168.1.151,192.168.1.1,,,2058,53
May-05, 2019 18:57:27.432246000 Jerusalem Daylight Time,,,,,,,,
May-05, 2019 18:57:27.432533000 Jerusalem Daylight Time,00:1c:10:f7:cd:bc,d8:c4:6a:bd:86:52,172.217.21.234,192.168.1.112,443,33040,,
May-05, 2019 18:57:27.432611000 Jerusalem Daylight Time,,,,,,,,
May-05, 2019 18:57:27.437767000 Jerusalem Daylight Time,00:1c:10:f7:cd:bc,d8:c4:6a:bd:86:52,151.101.17.208,192.168.1.112,443,42156,,
May-05, 2019 18:57:27.437862000 Jerusalem Daylight Time,,,,,,,,
May-05, 2019 18:57:27.446866000 Jerusalem Daylight Time,00:1c:10:f7:cd:bc,d8:c4:6a:bd:86:52,151.101.17.208,192.168.1.112,443,42156,,
May-05, 2019 18:57:27.449273000 Jerusalem Daylight Time,00:1c:10:f7:cd:bc,d8:c4:6a:bd:86:52,151.101.17.208,192.168.1.112,443,42156,,
May-05, 2019 18:57:27.451841000 Jerusalem Daylight Time,00:1c:10:f7:cd:bc,d8:c4:6a:bd:86:52,151.101.17.208,192.168.1.112,443,42156,,
May-05, 2019 18:57:27.456324000 Jerusalem Daylight Time,00:1c:10:f7:cd:bc,d8:c4:6a:bd:86:52,151.101.17.208,192.168.1.112,443,42156,,
May-05, 2019 18:57:27.459012000 Jerusalem Daylight Time,00:1c:10:f7:cd:bc,d8:c4:6a:bd:86:52,151.101.17.208,192.168.1.112,443,42156,,
May-05, 2019 18:57:27.459081000 Jerusalem Daylight Time,,,,,,,,
May-05, 2019 18:57:27.460716000 Jerusalem Daylight Time,00:1c:10:f7:cd:bc,d8:c4:6a:bd:86:52,151.101.17.208,192.168.1.112,443,42156,,
May-05, 2019 18:57:27.460784000 Jerusalem Daylight Time,,,,,,,,
May-05, 2019 18:57:27.462167000 Jerusalem Daylight Time,,,,,,,,
May-05, 2019 18:57:27.462238000 Jerusalem Daylight Time,,,,,,,,
May-05, 2019 18:57:27.462286000 Jerusalem Daylight Time,d8:c4:6a:bd:86:52,00:1c:10:f7:cd:bc,192.168.1.112,151.101.17.208,42156,443,,
May-05, 2019 18:57:27.462363000 Jerusalem Daylight Time,,,,,,,,
May-05, 2019 18:57:27.462467000 Jerusalem Daylight Time,,,,,,,,
May-05, 2019 18:57:27.462514000 Jerusalem Daylight Time,,,,,,,,
May-05, 2019 18:57:27.462561000 Jerusalem Daylight Time,,,,,,,,
May-05, 2019 18:57:27.462607000 Jerusalem Daylight Time,,,,,,,,
May-05, 2019 18:57:27.463758000 Jerusalem Daylight Time,00:1c:10:f7:cd:bc,d8:c4:6a:bd:86:52,151.101.17.208,192.168.1.112,443,42156,,
May-05, 2019 18:57:27.463826000 Jerusalem Daylight Time,,,,,,,,
May-05, 2019 18:57:27.468070000 Jerusalem Daylight Time,b8:55:10:25:bb:14,ff:ff:ff:ff:ff:ff,,,,,,
May-05, 2019 18:57:27.468690000 Jerusalem Daylight Time,00:1c:10:f7:cd:bc,6c:fd:b9:4f:70:0b,192.168.1.1,192.168.1.151,,,53,2058
May-05, 2019 18:57:27.471737000 Jerusalem Daylight Time,00:1c:10:f7:cd:bc,d8:c4:6a:bd:86:52,151.101.17.208,192.168.1.112,443,42156,,
May-05, 2019 18:57:27.471830000 Jerusalem Daylight Time,,,,,,,,
May-05, 2019 18:57:27.474571000 Jerusalem Daylight Time,00:1c:10:f7:cd:bc,d8:c4:6a:bd:86:52,151.101.17.208,192.168.1.112,443,42156,,
May-05, 2019 18:57:27.474662000 Jerusalem Daylight Time,,,,,,,,
May-05, 2019 18:57:27.487396000 Jerusalem Daylight Time,00:1c:10:f7:cd:bc,d8:c4:6a:bd:86:52,151.101.17.208,192.168.1.112,443,42156,,
May-05, 2019 18:57:27.487464000 Jerusalem Daylight Time,,,,,,,,
May-05, 2019 18:57:27.499982000 Jerusalem Daylight Time,00:1c:10:f7:cd:bc,d8:c4:6a:bd:86:52,151.101.17.208,192.168.1.112,443,42156,,
May-05, 2019 18:57:27.500073000 Jerusalem Daylight Time,,,,,,,,
May-05, 2019 18:57:27.512422000 Jerusalem Daylight Time,00:1c:10:f7:cd:bc,d8:c4:6a:bd:86:52,172.217.21.234,192.168.1.112,443,33040,,
May-05, 2019 18:57:27.512710000 Jerusalem Daylight Time,,,,,,,,
May-05, 2019 18:57:27.525082000 Jerusalem Daylight Time,00:1c:10:f7:cd:bc,d8:c4:6a:bd:86:52,172.217.21.234,192.168.1.112,443,33040,,
May-05, 2019 18:57:27.529106000 Jerusalem Daylight Time,00:1c:10:f7:cd:bc,d8:c4:6a:bd:86:52,172.217.21.234,192.168.1.112,443,33040,,
May-05, 2019 18:57:27.541911000 Jerusalem Daylight Time,00:1c:10:f7:cd:bc,6c:fd:b9:4f:70:0b,192.168.1.1,192.168.1.151,,,53,2058
May-05, 2019 18:57:27.541980000 Jerusalem Daylight Time,,,,,,,,
May-05, 2019 18:57:27.554602000 Jerusalem Daylight Time,00:1c:10:f7:cd:bc,d8:c4:6a:bd:86:52,172.217.21.234,192.168.1.112,443,33040,,
May-05, 2019 18:57:27.554671000 Jerusalem Daylight Time,,,,,,,,
May-05, 2019 18:57:27.555391000 Jerusalem Daylight Time,6c:fd:b9:4f:70:0b,00:1c:10:f7:cd:bc,192.168.1.151,213.57.2.5,,,2058,53
May-05, 2019 18:57:27.555669000 Jerusalem Daylight Time,6c:fd:b9:4f:70:0b,00:1c:10:f7:cd:bc,192.168.1.151,213.57.2.5,,,2058,53
May-05, 2019 18:57:27.556187000 Jerusalem Daylight Time,6c:fd:b9:4f:70:0b,00:1c:10:f7:cd:bc,192.168.1.151,213.57.2.5,,,2058,53
May-05, 2019 18:57:27.557935000 Jerusalem Daylight Time,6c:fd:b9:4f:70:0b,00:1c:10:f7:cd:bc,192.168.1.151,213.57.2.5,,,2058,53
May-05, 2019 18:57:27.559420000 Jerusalem Daylight Time,,,,,,,,
May-05, 2019 18:57:27.566962000 Jerusalem Daylight Time,00:1c:10:f7:cd:bc,d8:c4:6a:bd:86:52,172.217.21.234,192.168.1.112,443,33040,,
May-05, 2019 18:57:27.567234000 Jerusalem Daylight Time,,,,,,,,
May-05, 2019 18:57:27.570020000 Jerusalem Daylight Time,b8:55:10:25:bb:14,ff:ff:ff:ff:ff:ff,,,,,,
May-05, 2019 18:57:27.570165000 Jerusalem Daylight Time,,,,,,,,
May-05, 2019 18:57:27.570213000 Jerusalem Daylight Time,,,,,,,,
May-05, 2019 18:57:27.570292000 Jerusalem Daylight Time,,,,,,,,
May-05, 2019 18:57:27.570337000 Jerusalem Daylight Time,,,,,,,,
May-05, 2019 18:57:27.571989000 Jerusalem Daylight Time,,,,,,,,
May-05, 2019 18:57:27.572055000 Jerusalem Daylight Time,,,,,,,,
May-05, 2019 18:57:27.572100000 Jerusalem Daylight Time,d8:c4:6a:bd:86:52,00:1c:10:f7:cd:bc,192.168.1.112,151.101.17.208,42156,443,,
May-05, 2019 18:57:27.572150000 Jerusalem Daylight Time,d8:c4:6a:bd:86:52,00:1c:10:f7:cd:bc,192.168.1.112,151.101.17.208,42156,443,,
May-05, 2019 18:57:27.572714000 Jerusalem Daylight Time,,,,,,,,
May-05, 2019 18:57:27.573129000 Jerusalem Daylight Time,,,,,,,,
May-05, 2019 18:57:27.573726000 Jerusalem Daylight Time,,,,,,,,
May-05, 2019 18:57:27.573792000 Jerusalem Daylight Time,,,,,,,,
May-05, 2019 18:57:27.573837000 Jerusalem Daylight Time,d8:c4:6a:bd:86:52,00:1c:10:f7:cd:bc,192.168.1.112,151.101.17.208,42156,443,,
May-05, 2019 18:57:27.573930000 Jerusalem Daylight Time,d8:c4:6a:bd:86:52,00:1c:10:f7:cd:bc,192.168.1.112,151.101.17.208,42156,443,,
May-05, 2019 18:57:27.573975000 Jerusalem Daylight Time,d8:c4:6a:bd:86:52,00:1c:10:f7:cd:bc,192.168.1.112,151.101.17.208,42156,443,,
May-05, 2019 18:57:27.574045000 Jerusalem Daylight Time,d8:c4:6a:bd:86:52,00:1c:10:f7:cd:bc,192.168.1.112,151.101.17.208,42156,443,,
May-05, 2019 18:57:27.574117000 Jerusalem Daylight Time,d8:c4:6a:bd:86:52,00:1c:10:f7:cd:bc,192.168.1.112,151.101.17.208,42156,443,,
May-05, 2019 18:57:27.574216000 Jerusalem Daylight Time,d8:c4:6a:bd:86:52,00:1c:10:f7:cd:bc,192.168.1.112,172.217.21.234,33040,443,,
May-05, 2019 18:57:27.574840000 Jerusalem Daylight Time,d8:c4:6a:bd:86:52,00:17:88:77:35:80,192.168.1.112,192.168.1.119,46142,443,,
May-05, 2019 18:57:27.574921000 Jerusalem Daylight Time,d8:c4:6a:bd:86:52,00:1c:10:f7:cd:bc,192.168.1.112,172.217.21.234,33040,443,,
May-05, 2019 18:57:27.574967000 Jerusalem Daylight Time,d8:c4:6a:bd:86:52,00:1c:10:f7:cd:bc,192.168.1.112,172.217.21.234,33040,443,,
May-05, 2019 18:57:27.575013000 Jerusalem Daylight Time,,,,,,,,
May-05, 2019 18:57:27.575590000 Jerusalem Daylight Time,,,,,,,,
May-05, 2019 18:57:27.575656000 Jerusalem Daylight Time,,,,,,,,
May-05, 2019 18:57:27.575701000 Jerusalem Daylight Time,d8:c4:6a:bd:86:52,00:1c:10:f7:cd:bc,192.168.1.112,151.101.17.208,42156,443,,
May-05, 2019 18:57:27.575755000 Jerusalem Daylight Time,,,,,,,,
May-05, 2019 18:57:27.575801000 Jerusalem Daylight Time,,,,,,,,
May-05, 2019 18:57:27.575891000 Jerusalem Daylight Time,d8:c4:6a:bd:86:52,00:1c:10:f7:cd:bc,192.168.1.112,151.101.17.208,42156,443,,
May-05, 2019 18:57:27.575937000 Jerusalem Daylight Time,,,,,,,,
May-05, 2019 18:57:27.575981000 Jerusalem Daylight Time,,,,,,,,
May-05, 2019 18:57:27.576198000 Jerusalem Daylight Time,d8:c4:6a:bd:86:52,00:1c:10:f7:cd:bc,192.168.1.112,151.101.17.208,42156,443,,
May-05, 2019 18:57:27.576268000 Jerusalem Daylight Time,,,,,,,,
May-05, 2019 18:57:27.581071000 Jerusalem Daylight Time,6c:fd:b9:4f:70:0b,00:1c:10:f7:cd:bc,192.168.1.151,213.57.2.5,,,2058,53
May-05, 2019 18:57:27.581153000 Jerusalem Daylight Time,,,,,,,,
May-05, 2019 18:57:27.587660000 Jerusalem Daylight Time,00:1c:10:f7:cd:bc,d8:c4:6a:bd:86:52,172.217.21.234,192.168.1.112,443,33040,,
May-05, 2019 18:57:27.587740000 Jerusalem Daylight Time,,,,,,,,
May-05, 2019 18:57:27.589786000 Jerusalem Daylight Time,,,,,,,,
May-05, 2019 18:57:27.589854000 Jerusalem Daylight Time,,,,,,,,
May-05, 2019 18:57:27.589901000 Jerusalem Daylight Time,d8:c4:6a:bd:86:52,00:1c:10:f7:cd:bc,192.168.1.112,172.217.21.234,33040,443,,
May-05, 2019 18:57:27.589979000 Jerusalem Daylight Time,d8:c4:6a:bd:86:52,00:1c:10:f7:cd:bc,192.168.1.112,172.217.21.234,33040,443,,
May-05, 2019 18:57:27.590028000 Jerusalem Daylight Time,,,,,,,,
May-05, 2019 18:57:27.590075000 Jerusalem Daylight Time,,,,,,,,
May-05, 2019 18:57:27.590180000 Jerusalem Daylight Time,d8:c4:6a:bd:86:52,00:1c:10:f7:cd:bc,192.168.1.112,172.217.21.234,33040,443,,
May-05, 2019 18:57:27.590228000 Jerusalem Daylight Time,d8:c4:6a:bd:86:52,00:1c:10:f7:cd:bc,192.168.1.112,172.217.21.234,33040,443,,
May-05, 2019 18:57:27.590276000 Jerusalem Daylight Time,,,,,,,,
May-05, 2019 18:57:27.590323000 Jerusalem Daylight Time,,,,,,,,
May-05, 2019 18:57:27.590868000 Jerusalem Daylight Time,,,,,,,,
May-05, 2019 18:57:27.590935000 Jerusalem Daylight Time,,,,,,,,
May-05, 2019 18:57:27.590979000 Jerusalem Daylight Time,,,,,,,,
May-05, 2019 18:57:27.591130000 Jerusalem Daylight Time,d8:c4:6a:bd:86:52,00:1c:10:f7:cd:bc,192.168.1.112,172.217.21.234,33040,443,,
May-05, 2019 18:57:27.591211000 Jerusalem Daylight Time,d8:c4:6a:bd:86:52,00:1c:10:f7:cd:bc,192.168.1.112,172.217.21.234,33040,443,,
May-05, 2019 18:57:27.591257000 Jerusalem Daylight Time,,,,,,,,
May-05, 2019 18:57:27.591338000 Jerusalem Daylight Time,,,,,,,,
May-05, 2019 18:57:27.591383000 Jerusalem Daylight Time,,,,,,,,
May-05, 2019 18:57:27.591799000 Jerusalem Daylight Time,d8:c4:6a:bd:86:52,00:1c:10:f7:cd:bc,192.168.1.112,172.217.21.234,33040,443,,
May-05, 2019 18:57:27.591881000 Jerusalem Daylight Time,d8:c4:6a:bd:86:52,00:1c:10:f7:cd:bc,192.168.1.112,172.217.21.234,33040,443,,
May-05, 2019 18:57:27.591927000 Jerusalem Daylight Time,,,,,,,,
May-05, 2019 18:57:27.594459000 Jerusalem Daylight Time,00:17:88:77:35:80,d8:c4:6a:bd:86:52,192.168.1.119,192.168.1.112,443,46142,,
May-05, 2019 18:57:27.597282000 Jerusalem Daylight Time,00:17:88:77:35:80,d8:c4:6a:bd:86:52,192.168.1.119,192.168.1.112,443,46142,,
May-05, 2019 18:57:27.600240000 Jerusalem Daylight Time,00:17:88:77:35:80,d8:c4:6a:bd:86:52,192.168.1.119,192.168.1.112,443,46142,,
May-05, 2019 18:57:27.600325000 Jerusalem Daylight Time,,,,,,,,
May-05, 2019 18:57:27.613021000 Jerusalem Daylight Time,00:17:88:77:35:80,d8:c4:6a:bd:86:52,192.168.1.119,192.168.1.112,443,46142,,
May-05, 2019 18:57:27.613106000 Jerusalem Daylight Time,,,,,,,,
May-05, 2019 18:57:27.613208000 Jerusalem Daylight Time,00:1c:10:f7:cd:bc,6c:fd:b9:4f:70:0b,213.57.2.5,192.168.1.151,,,53,2058
May-05, 2019 18:57:27.613283000 Jerusalem Daylight Time,,,,,,,,
May-05, 2019 18:57:27.624939000 Jerusalem Daylight Time,00:17:88:77:35:80,d8:c4:6a:bd:86:52,192.168.1.119,192.168.1.112,443,46142,,
May-05, 2019 18:57:27.625006000 Jerusalem Daylight Time,,,,,,,,
May-05, 2019 18:57:27.625089000 Jerusalem Daylight Time,,,,,,,,
May-05, 2019 18:57:27.625137000 Jerusalem Daylight Time,,,,,,,,
May-05, 2019 18:57:27.625213000 Jerusalem Daylight Time,d8:c4:6a:bd:86:52,00:17:88:77:35:80,192.168.1.112,192.168.1.119,46142,443,,
May-05, 2019 18:57:27.625286000 Jerusalem Daylight Time,d8:c4:6a:bd:86:52,00:17:88:77:35:80,192.168.1.112,192.168.1.119,46142,443,,
May-05, 2019 18:57:27.625381000 Jerusalem Daylight Time,,,,,,,,
May-05, 2019 18:57:27.625428000 Jerusalem Daylight Time,,,,,,,,
May-05, 2019 18:57:27.625504000 Jerusalem Daylight Time,d8:c4:6a:bd:86:52,00:17:88:77:35:80,192.168.1.112,192.168.1.119,46142,443,,
May-05, 2019 18:57:27.625590000 Jerusalem Daylight Time,d8:c4:6a:bd:86:52,00:17:88:77:35:80,192.168.1.112,192.168.1.119,46142,443,,
May-05, 2019 18:57:27.625665000 Jerusalem Daylight Time,,,,,,,,
May-05, 2019 18:57:27.625711000 Jerusalem Daylight Time,,,,,,,,
May-05, 2019 18:57:27.625782000 Jerusalem Daylight Time,d8:c4:6a:bd:86:52,00:17:88:77:35:80,192.168.1.112,192.168.1.119,46142,443,,
May-05, 2019 18:57:27.625827000 Jerusalem Daylight Time,d8:c4:6a:bd:86:52,00:17:88:77:35:80,192.168.1.112,192.168.1.119,46142,443,,
May-05, 2019 18:57:27.625901000 Jerusalem Daylight Time,,,,,,,,
May-05, 2019 18:57:27.638805000 Jerusalem Daylight Time,00:17:88:77:35:80,d8:c4:6a:bd:86:52,192.168.1.119,192.168.1.112,443,46142,,
May-05, 2019 18:57:27.638896000 Jerusalem Daylight Time,,,,,,,,
May-05, 2019 18:57:27.646454000 Jerusalem Daylight Time,00:17:88:77:35:80,d8:c4:6a:bd:86:52,192.168.1.119,192.168.1.112,443,46142,,
May-05, 2019 18:57:27.646522000 Jerusalem Daylight Time,,,,,,,,
May-05, 2019 18:57:27.646605000 Jerusalem Daylight Time,,,,,,,,
May-05, 2019 18:57:27.647164000 Jerusalem Daylight Time,,,,,,,,
May-05, 2019 18:57:27.647237000 Jerusalem Daylight Time,,,,,,,,
May-05, 2019 18:57:27.648394000 Jerusalem Daylight Time,,,,,,,,
May-05, 2019 18:57:27.649187000 Jerusalem Daylight Time,,,,,,,,
May-05, 2019 18:57:27.650496000 Jerusalem Daylight Time,00:17:88:77:35:80,d8:c4:6a:bd:86:52,192.168.1.119,192.168.1.112,443,46142,,
May-05, 2019 18:57:27.650587000 Jerusalem Daylight Time,,,,,,,,
May-05, 2019 18:57:27.653988000 Jerusalem Daylight Time,fa:f9:8e:16:81:7e,08:00:45:00:01:46,d8:44:9f:d8:a5:a2,aa:aa:03:00:00:00,,,,
May-05, 2019 18:57:27.654039000 Jerusalem Daylight Time,,,,,,,,
May-05, 2019 18:57:27.654127000 Jerusalem Daylight Time,00:1c:10:f7:cd:bc,6c:fd:b9:4f:70:0b,213.57.2.5,192.168.1.151,,,53,2058
May-05, 2019 18:57:27.654532000 Jerusalem Daylight Time,00:1c:10:f7:cd:bc,6c:fd:b9:4f:70:0b,213.57.2.5,192.168.1.151,,,53,2058
May-05, 2019 18:57:27.654604000 Jerusalem Daylight Time,,,,,,,,
May-05, 2019 18:57:27.657251000 Jerusalem Daylight Time,,,,,,,,
May-05, 2019 18:57:27.660954000 Jerusalem Daylight Time,00:1c:10:f7:cd:bc,d8:c4:6a:bd:86:52,172.217.21.234,192.168.1.112,443,33040,,
May-05, 2019 18:57:27.661022000 Jerusalem Daylight Time,,,,,,,,
May-05, 2019 18:57:27.661566000 Jerusalem Daylight Time,,,,,,,,
May-05, 2019 18:57:27.664663000 Jerusalem Daylight Time,00:17:88:77:35:80,d8:c4:6a:bd:86:52,192.168.1.119,192.168.1.112,443,46142,,
May-05, 2019 18:57:27.664753000 Jerusalem Daylight Time,,,,,,,,
May-05, 2019 18:57:27.666228000 Jerusalem Daylight Time,,,,,,,,
May-05, 2019 18:57:27.666301000 Jerusalem Daylight Time,,,,,,,,
May-05, 2019 18:57:27.666348000 Jerusalem Daylight Time,d8:c4:6a:bd:86:52,00:17:88:77:35:80,192.168.1.112,192.168.1.119,46142,443,,
May-05, 2019 18:57:27.666425000 Jerusalem Daylight Time,d8:c4:6a:bd:86:52,00:17:88:77:35:80,192.168.1.112,192.168.1.119,46142,443,,
May-05, 2019 18:57:27.666474000 Jerusalem Daylight Time,,,,,,,,
May-05, 2019 18:57:27.666575000 Jerusalem Daylight Time,,,,,,,,
May-05, 2019 18:57:27.666652000 Jerusalem Daylight Time,,,,,,,,
May-05, 2019 18:57:27.666949000 Jerusalem Daylight Time,d8:c4:6a:bd:86:52,00:17:88:77:35:80,192.168.1.112,192.168.1.119,46142,443,,
May-05, 2019 18:57:27.667039000 Jerusalem Daylight Time,d8:c4:6a:bd:86:52,00:17:88:77:35:80,192.168.1.112,192.168.1.119,46142,443,,
May-05, 2019 18:57:27.667087000 Jerusalem Daylight Time,d8:c4:6a:bd:86:52,00:1c:10:f7:cd:bc,192.168.1.112,151.101.17.208,42156,443,,
May-05, 2019 18:57:27.667190000 Jerusalem Daylight Time,d8:c4:6a:bd:86:52,00:1c:10:f7:cd:bc,192.168.1.112,172.217.21.234,33040,443,,
May-05, 2019 18:57:27.667241000 Jerusalem Daylight Time,d8:c4:6a:bd:86:52,00:17:88:77:35:80,192.168.1.112,192.168.1.119,46142,443,,
May-05, 2019 18:57:27.667323000 Jerusalem Daylight Time,,,,,,,,
May-05, 2019 18:57:27.667372000 Jerusalem Daylight Time,,,,,,,,
May-05, 2019 18:57:27.668072000 Jerusalem Daylight Time,,,,,,,,
May-05, 2019 18:57:27.668145000 Jerusalem Daylight Time,,,,,,,,
May-05, 2019 18:57:27.668193000 Jerusalem Daylight Time,d8:c4:6a:bd:86:52,00:17:88:77:35:80,192.168.1.112,192.168.1.119,46142,443,,
May-05, 2019 18:57:27.668271000 Jerusalem Daylight Time,d8:c4:6a:bd:86:52,00:17:88:77:35:80,192.168.1.112,192.168.1.119,46142,443,,
May-05, 2019 18:57:27.668319000 Jerusalem Daylight Time,d8:c4:6a:bd:86:52,00:1c:10:f7:cd:bc,192.168.1.112,151.101.17.208,42156,443,,
May-05, 2019 18:57:27.668423000 Jerusalem Daylight Time,d8:c4:6a:bd:86:52,00:1c:10:f7:cd:bc,192.168.1.112,172.217.21.234,33040,443,,
May-05, 2019 18:57:27.668472000 Jerusalem Daylight Time,d8:c4:6a:bd:86:52,00:17:88:77:35:80,192.168.1.112,192.168.1.119,46142,443,,
May-05, 2019 18:57:27.668521000 Jerusalem Daylight Time,,,,,,,,
May-05, 2019 18:57:27.668601000 Jerusalem Daylight Time,,,,,,,,
May-05, 2019 18:57:27.668667000 Jerusalem Daylight Time,d8:c4:6a:bd:86:52,00:17:88:77:35:80,192.168.1.112,192.168.1.119,46142,443,,
May-05, 2019 18:57:27.668730000 Jerusalem Daylight Time,d8:c4:6a:bd:86:52,00:17:88:77:35:80,192.168.1.112,192.168.1.119,46142,443,,
May-05, 2019 18:57:27.669296000 Jerusalem Daylight Time,d8:c4:6a:bd:86:52,00:1c:10:f7:cd:bc,192.168.1.112,151.101.17.208,42156,443,,
May-05, 2019 18:57:27.669665000 Jerusalem Daylight Time,d8:c4:6a:bd:86:52,00:1c:10:f7:cd:bc,192.168.1.112,172.217.21.234,33040,443,,
May-05, 2019 18:57:27.669753000 Jerusalem Daylight Time,d8:c4:6a:bd:86:52,00:17:88:77:35:80,192.168.1.112,192.168.1.119,46142,443,,
May-05, 2019 18:57:27.669803000 Jerusalem Daylight Time,,,,,,,,
May-05, 2019 18:57:27.669849000 Jerusalem Daylight Time,d8:c4:6a:bd:86:52,00:17:88:77:35:80,192.168.1.112,192.168.1.119,46142,443,,
May-05, 2019 18:57:27.669940000 Jerusalem Daylight Time,,,,,,,,
May-05, 2019 18:57:27.672746000 Jerusalem Daylight Time,b8:55:10:25:bb:14,ff:ff:ff:ff:ff:ff,,,,,,
May-05, 2019 18:57:27.677915000 Jerusalem Daylight Time,00:1c:10:f7:cd:bc,6c:fd:b9:4f:70:0b,192.168.1.1,192.168.1.151,,,53,2058
May-05, 2019 18:57:27.678006000 Jerusalem Daylight Time,,,,,,,,
May-05, 2019 18:57:27.682405000 Jerusalem Daylight Time,6c:fd:b9:4f:70:0b,00:1c:10:f7:cd:bc,100.74.213.152,213.57.2.5,,,2058,53
May-05, 2019 18:57:27.682472000 Jerusalem Daylight Time,,,,,,,,
May-05, 2019 18:57:27.695711000 Jerusalem Daylight Time,00:1c:10:f7:cd:bc,6c:fd:b9:4f:70:0b,213.57.2.5,192.168.1.151,,,53,2058
May-05, 2019 18:57:27.695802000 Jerusalem Daylight Time,00:1c:10:f7:cd:bc,6c:fd:b9:4f:70:0b,213.57.2.5,192.168.1.151,,,53,2058
May-05, 2019 18:57:27.696704000 Jerusalem Daylight Time,00:1c:10:f7:cd:bc,6c:fd:b9:4f:70:0b,213.57.2.5,192.168.1.151,,,53,2058
May-05, 2019 18:57:27.696786000 Jerusalem Daylight Time,00:1c:10:f7:cd:bc,6c:fd:b9:4f:70:0b,213.57.2.5,192.168.1.151,,,53,2058
May-05, 2019 18:57:27.696834000 Jerusalem Daylight Time,,,,,,,,
May-05, 2019 18:57:27.700201000 Jerusalem Daylight Time,de:2b:71:1d:b5:37,e1:41:5f:f7:cd:bc,,,,,,
May-05, 2019 18:57:27.700271000 Jerusalem Daylight Time,,,,,,,,
May-05, 2019 18:57:27.711951000 Jerusalem Daylight Time,00:1c:10:f7:cd:bc,6c:fd:b9:4f:70:0b,192.168.1.1,192.168.1.151,,,53,2058
May-05, 2019 18:57:27.712043000 Jerusalem Daylight Time,,,,,,,,
May-05, 2019 18:57:27.716409000 Jerusalem Daylight Time,77:1b:10:63:96:7c,d9:06:e3:d9:4b:45,,,,,,
May-05, 2019 18:57:27.716476000 Jerusalem Daylight Time,,,,,,,,
May-05, 2019 18:57:27.729082000 Jerusalem Daylight Time,00:1c:10:f7:cd:bc,6c:fd:b9:4f:70:0b,213.57.2.5,192.168.1.151,,,53,2058
May-05, 2019 18:57:27.729172000 Jerusalem Daylight Time,00:1c:10:f7:cd:bc,6c:fd:b9:4f:70:0b,213.57.2.5,192.168.1.151,,,53,2058
May-05, 2019 18:57:27.729220000 Jerusalem Daylight Time,,,,,,,,
May-05, 2019 18:57:27.733189000 Jerusalem Daylight Time,6c:fd:b9:4f:d0:3e,52:d9:14:f7:cd:bc,,,,,,
May-05, 2019 18:57:27.733256000 Jerusalem Daylight Time,,,,,,,,
May-05, 2019 18:57:27.747044000 Jerusalem Daylight Time,00:1c:10:f7:cd:bc,6c:fd:b9:4f:70:0b,192.168.1.1,192.168.1.151,,,53,2058
May-05, 2019 18:57:27.747136000 Jerusalem Daylight Time,,,,,,,,
May-05, 2019 18:57:27.751408000 Jerusalem Daylight Time,6c:fd:b9:4f:70:0b,00:1c:10:f7:cd:bc,192.168.1.151,213.57.2.5,,,2058,53
May-05, 2019 18:57:27.751476000 Jerusalem Daylight Time,,,,,,,,
May-05, 2019 18:57:27.761247000 Jerusalem Daylight Time,00:1c:10:f7:cd:bc,d8:c4:6a:bd:86:52,172.217.21.234,192.168.1.112,443,33040,,
May-05, 2019 18:57:27.761338000 Jerusalem Daylight Time,,,,,,,,
May-05, 2019 18:57:27.761915000 Jerusalem Daylight Time,00:1c:10:f7:cd:bc,d8:c4:6a:bd:86:52,172.217.21.234,192.168.1.112,443,33040,,
May-05, 2019 18:57:27.762005000 Jerusalem Daylight Time,,,,,,,,
May-05, 2019 18:57:27.765697000 Jerusalem Daylight Time,00:1c:10:f7:cd:bc,6c:fd:b9:4f:70:0b,213.57.2.5,192.168.1.151,,,53,2058
May-05, 2019 18:57:27.765788000 Jerusalem Daylight Time,,,,,,,,
May-05, 2019 18:57:27.769388000 Jerusalem Daylight Time,6c:fd:b9:4f:70:cb,09:36:f6:83:c0:bc,,,,,,
May-05, 2019 18:57:27.769455000 Jerusalem Daylight Time,,,,,,,,
May-05, 2019 18:57:27.774493000 Jerusalem Daylight Time,b8:55:10:25:bb:14,ff:ff:ff:ff:ff:ff,,,,,,
May-05, 2019 18:57:27.776945000 Jerusalem Daylight Time,00:1c:10:f7:cd:bc,d8:c4:6a:bd:86:52,151.101.17.208,192.168.1.112,443,42156,,
May-05, 2019 18:57:27.777036000 Jerusalem Daylight Time,,,,,,,,
May-05, 2019 18:57:27.781741000 Jerusalem Daylight Time,00:1c:10:f7:cd:bc,6c:fd:b9:4f:70:0b,192.168.1.1,192.168.1.151,,,53,2058
May-05, 2019 18:57:27.784420000 Jerusalem Daylight Time,,,,,,,,
May-05, 2019 18:57:27.784488000 Jerusalem Daylight Time,,,,,,,,
May-05, 2019 18:57:27.784533000 Jerusalem Daylight Time,d8:c4:6a:bd:86:52,00:1c:10:f7:cd:bc,192.168.1.112,213.57.2.5,,,53974,53
May-05, 2019 18:57:27.784621000 Jerusalem Daylight Time,,,,,,,,
May-05, 2019 18:57:27.784666000 Jerusalem Daylight Time,,,,,,,,
May-05, 2019 18:57:27.785211000 Jerusalem Daylight Time,,,,,,,,
May-05, 2019 18:57:27.785257000 Jerusalem Daylight Time,,,,,,,,
May-05, 2019 18:57:27.785300000 Jerusalem Daylight Time,,,,,,,,
May-05, 2019 18:57:27.785369000 Jerusalem Daylight Time,d8:c4:6a:bd:86:52,00:1c:10:f7:cd:bc,192.168.1.112,213.57.2.5,,,53974,53
May-05, 2019 18:57:27.785439000 Jerusalem Daylight Time,,,,,,,,
May-05, 2019 18:57:27.786775000 Jerusalem Daylight Time,,,,,,,,
May-05, 2019 18:57:27.786820000 Jerusalem Daylight Time,,,,,,,,
May-05, 2019 18:57:27.786863000 Jerusalem Daylight Time,d8:c4:6a:bd:86:52,00:1c:10:f7:cd:bc,192.168.1.112,213.57.22.5,,,44936,53
May-05, 2019 18:57:27.786942000 Jerusalem Daylight Time,,,,,,,,
May-05, 2019 18:57:27.786985000 Jerusalem Daylight Time,,,,,,,,
May-05, 2019 18:57:27.787157000 Jerusalem Daylight Time,d8:c4:6a:bd:86:52,00:1c:10:f7:cd:bc,192.168.1.112,213.57.22.5,,,44936,53
May-05, 2019 18:57:27.787204000 Jerusalem Daylight Time,,,,,,,,
